0,210.0,0.0,0.011737089
None0,210.0,2.0,0.004694836
None0,210.0,3.0,0.004694836
None0,210.0,4.0,0.009389671
None0,210.0,5.0,0.007042254
None0,210.0,7.0,0.009389671
None0,210.0,12.0,0.007042254
None0,210.0,13.0,0.011737089
None0,210.0,14.0,0.002347418
None0,210.0,15.0,0.002347418
None0,210.0,16.0,0.004694836
None0,210.0,21.0,0.030516432
None0,210.0,24.0,0.004694836
None0,210.0,27.0,0.030516432
None0,210.0,28.0,0.004694836
None0,210.0,29.0,0.007042254
None0,210.0,30.0,0.007042254
None0,210.0,33.0,0.009389671
None0,210.0,35.0,0.05399061
None0,210.0,36.0,0.098591549
None0,210.0,37.0,0.021126761
None0,210.0,38.0,0.08685446
None0,210.0,39.0,0.018779343
None0,210.0,40.0,0.002347418
None0,210.0,41.0,0.002347418
None0,210.0,42.0,0.004694836
None0,210.0,46.0,0.002347418
None0,210.0,48.0,0.002347418
None0,210.0,49.0,0.004694836
None0,210.0,50.0,0.007042254
None0,210.0,51.0,0.002347418
None0,210.0,57.0,0.004694836
None0,210.0,58.0,0.002347418
None0,210.0,60.0,0.002347418
None0,210.0,63.0,0.004694836
None0,210.0,67.0,0.002347418
None0,210.0,69.0,0.002347418
None0,210.0,88.0,0.004694836
None0,210.0,89.0,0.002347418
None0,210.0,94.0,0.004694836
None0,210.0,104.0,0.002347418
None0,210.0,107.0,0.002347418
None0,210.0,117.0,0.002347418
None0,210.0,119.0,0.002347418
None0,210.0,123.0,0.002347418
None0,210.0,125.0,0.004694836
None0,210.0,144.0,0.002347418
None0,210.0,148.0,0.004694836
None0,210.0,153.0,0.004694836
None0,210.0,154.0,0.002347418
None0,210.0,159.0,0.002347418
None0,210.0,162.0,0.004694836
None0,210.0,164.0,0.002347418
None0,210.0,168.0,0.004694836
None0,210.0,169.0,0.002347418
None0,210.0,175.0,0.009389671
None0,210.0,177.0,0.004694836
None0,210.0,178.0,0.009389671
None0,210.0,180.0,0.002347418
None0,210.0,182.0,0.004694836
None0,210.0,185.0,0.004694836
None0,210.0,187.0,0.025821596
None0,210.0,189.0,0.002347418
None0,210.0,191.0,0.002347418
None0,210.0,192.0,0.002347418
None0,210.0,194.0,0.007042254
None0,210.0,195.0,0.002347418
None0,210.0,201.0,0.002347418
None0,210.0,205.0,0.014084507
None0,210.0,206.0,0.002347418
None0,210.0,212.0,0.002347418
None0,210.0,227.0,0.004694836
None0,210.0,228.0,0.002347418
None0,210.0,230.0,0.002347418
None0,210.0,232.0,0.004694836
None0,210.0,233.0,0.014084507
None0,210.0,234.0,0.002347418
None0,210.0,235.0,0.002347418
None0,210.0,238.0,0.011737089
None0,210.0,239.0,0.002347418
None0,210.0,241.0,0.007042254
None0,210.0,246.0,0.004694836
None0,210.0,249.0,0.002347418
None0,210.0,250.0,0.007042254
None0,210.0,251.0,0.004694836
None0,210.0,252.0,0.002347418
None0,210.0,253.0,0.018779343
None0,210.0,254.0,0.004694836
None0,210.0,258.0,0.011737089
None0,210.0,259.0,0.002347418
None0,210.0,260.0,0.007042254
None0,210.0,261.0,0.007042254
None0,210.0,269.0,0.002347418
None0,210.0,270.0,0.014084507
None0,210.0,271.0,0.002347418
None0,210.0,276.0,0.002347418
None0,210.0,286.0,0.002347418
None0,210.0,288.0,0.025821596
None0,210.0,294.0,0.002347418
None0,210.0,301.0,0.009389671
None0,210.0,304.0,0.004694836
None0,210.0,305.0,0.002347418
None0,210.0,309.0,0.018779343
None0,210.0,310.0,0.037558685
None0,210.0,313.0,0.004694836
None0,210.0,315.0,0.018779343
None0,210.0,317.0,0.002347418
None0,210.0,319.0,0.046948357
None0,210.0,325.0,0.002347418
None0,210.0,341.0,0.002347418
None0,210.0,347.0,0.002347418
None0,210.0,353.0,0.002347418
None0,210.0,354.0,0.002347418
None0,210.0,356.0,0.002347418
None0,210.0,358.0,0.002347418
None0,210.0,364.0,0.016431925
None0,210.0,365.0,0.007042254
None0,210.0,369.0,0.007042254
None0,210.0,378.0,0.002347418
None0,210.0,379.0,0.004694836
None0,210.0,386.0,0.004694836
None0,210.0,390.0,0.004694836
None0,210.0,394.0,0.002347418
None0,210.0,398.0,0.004694836
None0,210.0,401.0,0.002347418
None0,210.0,402.0,0.002347418
None0,210.0,409.0,0.002347418
None0,210.0,410.0,0.002347418
None0,210.0,411.0,0.002347418
None0,210.0,415.0,0.016431925
None0,210.0,417.0,0.004694836
None0,210.0,419.0,0.002347418
None0,210.0,420.0,0.002347418
None0,210.0,424.0,0.004694836
None0,210.0,425.0,0.190140845
None0,210.0,429.0,0.004694836
None0,210.0,432.0,0.002347418
None0,210.0,437.0,0.002347418
None0,210.0,439.0,0.014084507
None0,210.0,442.0,0.011737089
None0,210.0,445.0,0.007042254
None0,210.0,446.0,0.002347418
None0,210.0,448.0,0.002347418
None0,210.0,450.0,0.004694836
None0,210.0,454.0,0.002347418
None0,210.0,457.0,0.002347418
None0,210.0,458.0,0.002347418
None0,210.0,460.0,0.002347418
None0,210.0,462.0,0.002347418
None0,210.0,465.0,0.002347418
None0,210.0,467.0,0.002347418
None0,210.0,469.0,0.004694836
None0,210.0,473.0,0.002347418
None0,210.0,474.0,0.002347418
None0,210.0,478.0,0.004694836
None0,210.0,480.0,0.002347418
None0,210.0,482.0,0.002347418
None0,210.0,483.0,0.002347418
None0,210.0,488.0,0.007042254
None0,210.0,489.0,0.002347418
None0,210.0,490.0,0.004694836
None0,210.0,494.0,0.004694836
None0,210.0,495.0,0.007042254
None0,210.0,496.0,0.007042254
None0,210.0,499.0,0.007042254
None0,210.0,505.0,0.007042254
None0,210.0,506.0,0.002347418
None0,210.0,510.0,0.002347418
None0,210.0,515.0,0.007042254
None0,210.0,516.0,0.009389671
None0,210.0,517.0,0.004694836
None0,210.0,519.0,0.002347418
None0,210.0,520.0,0.002347418
None0,210.0,523.0,0.004694836
None0,210.0,526.0,0.037558685
None0,210.0,528.0,0.021126761
None0,210.0,531.0,0.007042254
None0,210.0,533.0,0.016431925
None0,210.0,545.0,0.002347418
None0,210.0,546.0,0.004694836
None0,210.0,552.0,0.007042254
None0,210.0,553.0,0.018779343
None0,210.0,557.0,0.007042254
None0,210.0,561.0,0.002347418
None0,210.0,564.0,0.030516432
None0,210.0,568.0,0.002347418
None0,210.0,572.0,0.004694836
None0,210.0,576.0,0.002347418
None0,210.0,577.0,0.002347418
None0,210.0,581.0,0.002347418
None0,210.0,582.0,0.002347418
None0,210.0,583.0,0.002347418
None0,210.0,587.0,0.004694836
None0,210.0,602.0,0.002347418
None0,210.0,603.0,0.002347418
None0,210.0,604.0,0.007042254
None0,210.0,606.0,0.025821596
None0,210.0,612.0,0.009389671
None0,210.0,613.0,0.002347418
None0,210.0,615.0,0.004694836
None0,210.0,616.0,0.002347418
None0,210.0,617.0,0.004694836
None0,210.0,622.0,0.002347418
None0,210.0,623.0,0.002347418
None0,210.0,624.0,0.004694836
None0,210.0,629.0,0.009389671
None0,210.0,630.0,0.004694836
None0,210.0,631.0,0.009389671
None0,210.0,632.0,0.002347418
None0,210.0,637.0,0.011737089
None0,210.0,638.0,0.002347418
None0,210.0,648.0,0.002347418
None0,210.0,659.0,0.002347418
None0,210.0,660.0,0.002347418
None0,210.0,661.0,0.002347418
None0,210.0,663.0,0.002347418
None0,210.0,667.0,0.002347418
None0,210.0,669.0,0.023474178
None0,210.0,670.0,0.004694836
None0,210.0,673.0,0.002347418
None0,210.0,675.0,0.002347418
None0,210.0,676.0,0.002347418
None0,210.0,677.0,0.004694836
None0,210.0,681.0,0.002347418
None0,210.0,691.0,0.002347418
None0,210.0,694.0,0.002347418
None0,210.0,697.0,0.002347418
None0,210.0,704.0,0.030516432
None0,210.0,710.0,0.002347418
None0,210.0,719.0,0.002347418
None0,210.0,724.0,0.002347418
None0,210.0,730.0,0.002347418
None0,210.0,736.0,0.002347418
None0,210.0,740.0,0.002347418
None0,210.0,747.0,0.011737089
None0,210.0,751.0,0.007042254
None0,210.0,753.0,0.004694836
None0,210.0,754.0,0.004694836
None0,210.0,766.0,0.002347418
None0,210.0,774.0,0.002347418
None0,210.0,783.0,0.002347418
None0,210.0,785.0,0.011737089
None0,210.0,793.0,0.002347418
None0,210.0,797.0,0.002347418
None0,210.0,798.0,0.002347418
None0,210.0,800.0,0.004694836
None0,210.0,801.0,0.007042254
None0,210.0,802.0,0.002347418
None0,210.0,804.0,0.004694836
None0,210.0,807.0,0.002347418
None0,210.0,809.0,0.002347418
None0,210.0,814.0,0.002347418
None0,210.0,816.0,0.007042254
None0,210.0,817.0,0.002347418
None0,210.0,822.0,0.004694836
None0,210.0,823.0,0.007042254
None0,210.0,824.0,0.004694836
None0,210.0,825.0,0.014084507
None0,210.0,826.0,0.004694836
None0,210.0,827.0,0.002347418
None0,210.0,830.0,0.002347418
None0,210.0,834.0,0.002347418
None0,210.0,836.0,0.002347418
None0,210.0,837.0,0.004694836
None0,210.0,839.0,0.002347418
None0,210.0,843.0,0.007042254
None0,210.0,845.0,0.002347418
None0,210.0,847.0,0.004694836
None0,210.0,848.0,0.007042254
None0,210.0,857.0,0.007042254
None0,210.0,858.0,0.002347418
None0,210.0,860.0,0.004694836
None0,210.0,862.0,0.004694836
None0,210.0,863.0,0.007042254
None0,210.0,867.0,0.009389671
None0,210.0,870.0,0.004694836
None0,210.0,883.0,0.002347418
None0,210.0,886.0,0.002347418
None0,210.0,890.0,0.002347418
None0,210.0,896.0,0.004694836
None0,210.0,898.0,0.007042254
None0,210.0,907.0,0.002347418
None0,210.0,908.0,0.002347418
None0,210.0,909.0,0.004694836
None0,210.0,914.0,0.002347418
None0,210.0,916.0,0.002347418
None0,210.0,923.0,0.007042254
None0,210.0,937.0,0.009389671
None0,210.0,940.0,0.004694836
None0,210.0,948.0,0.002347418
None0,210.0,950.0,0.002347418
None0,210.0,952.0,0.004694836
None0,210.0,954.0,0.014084507
None0,210.0,955.0,0.002347418
None0,210.0,958.0,0.002347418
None0,210.0,964.0,0.002347418
None0,210.0,966.0,0.002347418
None0,210.0,971.0,0.002347418
None0,210.0,976.0,0.007042254
None0,210.0,977.0,0.004694836
None0,210.0,982.0,0.002347418
None0,210.0,983.0,0.002347418
None0,210.0,984.0,0.002347418
None0,210.0,986.0,0.002347418
None0,210.0,989.0,0.004694836
None0,210.0,990.0,0.014084507
None0,210.0,993.0,0.004694836
None0,210.0,995.0,0.002347418
None0,210.0,997.0,0.004694836
None0,210.0,999.0,0.002347418
None0,210.0,1000.0,0.002347418
None0,210.0,1004.0,0.004694836
None0,210.0,1009.0,0.004694836
None0,210.0,1011.0,0.002347418
None0,210.0,1012.0,0.004694836
None0,210.0,1015.0,0.046948357
None0,210.0,1018.0,0.002347418
None0,210.0,1025.0,0.002347418
None0,210.0,1027.0,0.007042254
None0,210.0,1029.0,0.007042254
None0,210.0,1030.0,0.014084507
None0,210.0,1043.0,0.007042254
None0,210.0,1048.0,0.002347418
None0,210.0,1052.0,0.002347418
None0,210.0,1053.0,0.007042254
None0,210.0,1054.0,0.002347418
None0,210.0,1059.0,0.002347418
None0,210.0,1060.0,0.002347418
None0,210.0,1064.0,0.002347418
None0,210.0,1066.0,0.009389671
None0,210.0,1068.0,0.002347418
None0,210.0,1071.0,0.002347418
None0,210.0,1072.0,0.004694836
None0,210.0,1077.0,0.002347418
None0,210.0,1078.0,0.004694836
None0,210.0,1083.0,0.002347418
None0,210.0,1084.0,0.007042254
None0,210.0,1088.0,0.004694836
None0,210.0,1093.0,0.004694836
None0,210.0,1094.0,0.002347418
None0,210.0,1098.0,0.004694836
None0,210.0,1104.0,0.002347418
None0,210.0,1106.0,0.004694836
None0,210.0,1109.0,0.002347418
None0,210.0,1110.0,0.004694836
None0,210.0,1114.0,0.004694836
None0,210.0,1116.0,0.007042254
None0,210.0,1117.0,0.004694836
None0,210.0,1121.0,0.002347418
None0,210.0,1130.0,0.009389671
None0,210.0,1132.0,0.023474178
None0,210.0,1133.0,0.002347418
None0,210.0,1135.0,0.002347418
None0,210.0,1136.0,0.004694836
None0,210.0,1137.0,0.009389671
None0,210.0,1139.0,0.002347418
None0,210.0,1143.0,0.002347418
None0,210.0,1158.0,0.007042254
None0,210.0,1160.0,0.023474178
None0,210.0,1162.0,0.028169014
None0,210.0,1165.0,0.002347418
None0,210.0,1168.0,0.002347418
None0,210.0,1177.0,0.002347418
None0,210.0,1181.0,0.002347418
None0,210.0,1182.0,0.002347418
None0,210.0,1186.0,0.002347418
None0,210.0,1193.0,0.002347418
None0,210.0,1196.0,0.002347418
None0,210.0,1198.0,0.011737089
None0,210.0,1204.0,0.007042254
None0,210.0,1205.0,0.014084507
None0,210.0,1208.0,0.007042254
None0,210.0,1209.0,0.002347418
None0,210.0,1214.0,0.002347418
None0,210.0,1216.0,0.002347418
None0,210.0,1221.0,0.002347418
None0,210.0,1224.0,0.002347418
None0,210.0,1228.0,0.004694836
None0,210.0,1237.0,0.011737089
None0,210.0,1239.0,0.002347418
None0,210.0,1241.0,0.002347418
None0,210.0,1242.0,0.007042254
None0,210.0,1243.0,0.004694836
None0,210.0,1246.0,0.002347418
None0,210.0,1247.0,0.014084507
None0,210.0,1251.0,0.002347418
None0,210.0,1252.0,0.011737089
None0,210.0,1256.0,0.002347418
None0,210.0,1257.0,0.007042254
None0,210.0,1270.0,0.007042254
None0,210.0,1274.0,0.025821596
None0,210.0,1275.0,0.002347418
None0,210.0,1279.0,0.004694836
None0,210.0,1280.0,0.002347418
None0,210.0,1282.0,0.007042254
None0,210.0,1290.0,0.002347418
None0,210.0,1292.0,0.002347418
None0,210.0,1302.0,0.011737089
None0,210.0,1313.0,0.002347418
None0,210.0,1330.0,0.004694836
None0,210.0,1341.0,0.004694836
None0,210.0,1342.0,0.002347418
None0,210.0,1353.0,0.007042254
None0,210.0,1356.0,0.002347418
None0,210.0,1357.0,0.007042254
None0,210.0,1361.0,0.002347418
None0,210.0,1364.0,0.002347418
None0,210.0,1373.0,0.007042254
None0,210.0,1375.0,0.004694836
None0,210.0,1376.0,0.002347418
None0,210.0,1377.0,0.002347418
None0,210.0,1379.0,0.002347418
None0,210.0,1386.0,0.004694836
None0,210.0,1392.0,0.007042254
None0,210.0,1396.0,0.002347418
None0,210.0,1406.0,0.002347418
None0,210.0,1408.0,0.002347418
None0,210.0,1413.0,0.007042254
None0,210.0,1422.0,0.002347418
None0,210.0,1423.0,0.011737089
None0,210.0,1424.0,0.002347418
None0,210.0,1425.0,0.002347418
None0,210.0,1427.0,0.002347418
None0,210.0,1431.0,0.002347418
None0,210.0,1442.0,0.002347418
None0,210.0,1444.0,0.004694836
None0,210.0,1462.0,0.025821596
None0,210.0,1481.0,0.002347418
None0,210.0,1483.0,0.002347418
None0,210.0,1485.0,0.002347418
None0,210.0,1486.0,0.004694836
None0,210.0,1490.0,0.002347418
None0,210.0,1492.0,0.002347418
None0,210.0,1494.0,0.004694836
None0,210.0,1495.0,0.004694836
None0,210.0,1498.0,0.002347418
None0,210.0,1502.0,0.002347418
None0,210.0,1511.0,0.004694836
None0,210.0,1514.0,0.018779343
None0,210.0,1520.0,0.004694836
None0,210.0,1525.0,0.002347418
None0,210.0,1555.0,0.002347418
None0,210.0,1559.0,0.002347418
None0,210.0,1560.0,0.002347418
None0,210.0,1561.0,0.002347418
None0,210.0,1563.0,0.007042254
None0,210.0,1565.0,0.004694836
None0,210.0,1570.0,0.009389671
None0,210.0,1572.0,0.002347418
None0,210.0,1573.0,0.002347418
None0,210.0,1574.0,0.004694836
None0,210.0,1580.0,0.004694836
None0,210.0,1586.0,0.004694836
None0,210.0,1588.0,0.007042254
None0,210.0,1593.0,0.004694836
None0,210.0,1597.0,0.014084507
None0,210.0,1599.0,0.002347418
None0,210.0,1605.0,0.007042254
None0,210.0,1613.0,0.002347418
None0,210.0,1614.0,0.002347418
None0,210.0,1615.0,0.002347418
None0,210.0,1621.0,0.002347418
None0,210.0,1622.0,0.002347418
None0,210.0,1625.0,0.002347418
None0,210.0,1626.0,0.002347418
None0,210.0,1628.0,0.004694836
None0,210.0,1631.0,0.004694836
None0,210.0,1633.0,0.002347418
None0,210.0,1634.0,0.002347418
None0,210.0,1637.0,0.009389671
None0,210.0,1640.0,0.025821596
None0,210.0,1650.0,0.002347418
None0,210.0,1662.0,0.002347418
None0,210.0,1682.0,0.002347418
None0,210.0,1691.0,0.002347418
None0,210.0,1695.0,0.002347418
None0,210.0,1702.0,0.004694836
None0,210.0,1704.0,0.002347418
None0,210.0,1708.0,0.002347418
None0,210.0,1710.0,0.023474178
None0,210.0,1715.0,0.004694836
None0,210.0,1716.0,0.002347418
None0,210.0,1717.0,0.002347418
None0,210.0,1721.0,0.002347418
None0,210.0,1724.0,0.002347418
None0,210.0,1733.0,0.002347418
None0,210.0,1735.0,0.002347418
None0,210.0,1737.0,0.011737089
None0,210.0,1739.0,0.002347418
None0,210.0,1742.0,0.004694836
None0,210.0,1749.0,0.007042254
None0,210.0,1755.0,0.002347418
None0,210.0,1756.0,0.004694836
None0,210.0,1757.0,0.002347418
None0,210.0,1764.0,0.007042254
None0,210.0,1766.0,0.004694836
None0,210.0,1773.0,0.002347418
None0,210.0,1775.0,0.016431925
None0,210.0,1779.0,0.002347418
None0,210.0,1783.0,0.002347418
None0,210.0,1797.0,0.002347418
None0,210.0,1799.0,0.002347418
None0,210.0,1806.0,0.002347418
None0,210.0,1811.0,0.002347418
None0,210.0,1813.0,0.002347418
None0,210.0,1814.0,0.002347418
None0,210.0,1818.0,0.004694836
None0,210.0,1821.0,0.002347418
None0,210.0,1823.0,0.004694836
None0,210.0,1824.0,0.002347418
None0,210.0,1827.0,0.042253521
None0,210.0,1830.0,0.004694836
None0,210.0,1840.0,0.002347418
None0,210.0,1846.0,0.004694836
None0,210.0,1847.0,0.004694836
None0,210.0,1848.0,0.002347418
None0,210.0,1851.0,0.004694836
None0,210.0,1859.0,0.002347418
None0,210.0,1861.0,0.002347418
None0,210.0,1870.0,0.002347418
None0,210.0,1871.0,0.014084507
None0,210.0,1882.0,0.002347418
None0,210.0,1883.0,0.002347418
None0,210.0,1884.0,0.004694836
None0,210.0,1888.0,0.009389671
None0,210.0,1893.0,0.002347418
None0,210.0,1895.0,0.002347418
None0,210.0,1897.0,0.002347418
None0,210.0,1899.0,0.007042254
None0,210.0,1901.0,0.007042254
None0,210.0,1904.0,0.002347418
None0,210.0,1905.0,0.002347418
None0,210.0,1907.0,0.004694836
None0,210.0,1914.0,0.002347418
None0,210.0,1915.0,0.002347418
None0,210.0,1916.0,0.002347418
None0,210.0,1922.0,0.002347418
None0,210.0,1928.0,0.002347418
None0,210.0,1930.0,0.002347418
None0,210.0,1935.0,0.002347418
None0,210.0,1939.0,0.002347418
None0,210.0,1943.0,0.002347418
None0,210.0,1944.0,0.004694836
None0,210.0,1946.0,0.004694836
None0,210.0,1947.0,0.004694836
None0,210.0,1948.0,0.007042254
None0,210.0,1959.0,0.002347418
None0,210.0,1961.0,0.004694836
None0,210.0,1966.0,0.009389671
None0,210.0,1967.0,0.002347418
None0,210.0,1972.0,0.002347418
None0,210.0,1991.0,0.004694836
None0,211.0,5.0,0.017241379
None0,211.0,29.0,0.017241379
None0,211.0,262.0,0.017241379
None0,211.0,390.0,0.017241379
None0,211.0,450.0,0.017241379
None0,211.0,553.0,0.017241379
None0,211.0,681.0,0.017241379
None0,211.0,830.0,0.017241379
None0,211.0,841.0,0.017241379
None0,211.0,857.0,0.017241379
None0,211.0,1302.0,0.017241379
None0,211.0,1304.0,0.017241379
None0,211.0,1373.0,0.017241379
None0,211.0,1749.0,0.017241379
None0,211.0,1757.0,0.017241379
None0,211.0,1855.0,0.017241379
None0,211.0,1899.0,0.017241379
None0,212.0,4.0,0.012048193
None0,212.0,10.0,0.006024096
None0,212.0,12.0,0.030120482
None0,212.0,13.0,0.024096386
None0,212.0,23.0,0.006024096
None0,212.0,27.0,0.042168675
None0,212.0,28.0,0.018072289
None0,212.0,30.0,0.018072289
None0,212.0,31.0,0.006024096
None0,212.0,33.0,0.006024096
None0,212.0,34.0,0.006024096
None0,212.0,36.0,0.006024096
None0,212.0,38.0,0.030120482
None0,212.0,41.0,0.006024096
None0,212.0,48.0,0.012048193
None0,212.0,52.0,0.006024096
None0,212.0,70.0,0.006024096
None0,212.0,72.0,0.012048193
None0,212.0,82.0,0.006024096
None0,212.0,83.0,0.006024096
None0,212.0,84.0,0.006024096
None0,212.0,85.0,0.006024096
None0,212.0,88.0,0.006024096
None0,212.0,89.0,0.006024096
None0,212.0,91.0,0.024096386
None0,212.0,93.0,0.006024096
None0,212.0,177.0,0.018072289
None0,212.0,178.0,0.006024096
None0,212.0,185.0,0.006024096
None0,212.0,186.0,0.006024096
None0,212.0,187.0,0.012048193
None0,212.0,188.0,0.006024096
None0,212.0,189.0,0.006024096
None0,212.0,191.0,0.012048193
None0,212.0,193.0,0.006024096
None0,212.0,194.0,0.012048193
None0,212.0,198.0,0.006024096
None0,212.0,210.0,0.006024096
None0,212.0,232.0,0.006024096
None0,212.0,237.0,0.006024096
None0,212.0,238.0,0.006024096
None0,212.0,244.0,0.012048193
None0,212.0,245.0,0.018072289
None0,212.0,246.0,0.006024096
None0,212.0,247.0,0.006024096
None0,212.0,251.0,0.006024096
None0,212.0,252.0,0.006024096
None0,212.0,261.0,0.006024096
None0,212.0,270.0,0.006024096
None0,212.0,286.0,0.018072289
None0,212.0,288.0,0.006024096
None0,212.0,291.0,0.006024096
None0,212.0,298.0,0.006024096
None0,212.0,304.0,0.006024096
None0,212.0,313.0,0.006024096
None0,212.0,315.0,0.006024096
None0,212.0,319.0,0.024096386
None0,212.0,324.0,0.006024096
None0,212.0,331.0,0.006024096
None0,212.0,358.0,0.006024096
None0,212.0,361.0,0.006024096
None0,212.0,364.0,0.012048193
None0,212.0,365.0,0.006024096
None0,212.0,367.0,0.006024096
None0,212.0,369.0,0.018072289
None0,212.0,370.0,0.012048193
None0,212.0,372.0,0.006024096
None0,212.0,390.0,0.006024096
None0,212.0,393.0,0.006024096
None0,212.0,394.0,0.006024096
None0,212.0,398.0,0.024096386
None0,212.0,403.0,0.018072289
None0,212.0,415.0,0.006024096
None0,212.0,437.0,0.006024096
None0,212.0,439.0,0.018072289
None0,212.0,442.0,0.006024096
None0,212.0,450.0,0.036144578
None0,212.0,454.0,0.012048193
None0,212.0,460.0,0.012048193
None0,212.0,480.0,0.006024096
None0,212.0,481.0,0.006024096
None0,212.0,482.0,0.006024096
None0,212.0,483.0,0.006024096
None0,212.0,484.0,0.006024096
None0,212.0,486.0,0.006024096
None0,212.0,488.0,0.012048193
None0,212.0,489.0,0.006024096
None0,212.0,490.0,0.006024096
None0,212.0,491.0,0.006024096
None0,212.0,495.0,0.006024096
None0,212.0,505.0,0.024096386
None0,212.0,523.0,0.006024096
None0,212.0,526.0,0.006024096
None0,212.0,528.0,0.006024096
None0,212.0,531.0,0.006024096
None0,212.0,533.0,0.012048193
None0,212.0,553.0,0.024096386
None0,212.0,557.0,0.006024096
None0,212.0,564.0,0.012048193
None0,212.0,576.0,0.006024096
None0,212.0,580.0,0.006024096
None0,212.0,603.0,0.006024096
None0,212.0,606.0,0.006024096
None0,212.0,616.0,0.006024096
None0,212.0,622.0,0.006024096
None0,212.0,630.0,0.006024096
None0,212.0,638.0,0.006024096
None0,212.0,641.0,0.006024096
None0,212.0,659.0,0.006024096
None0,212.0,663.0,0.006024096
None0,212.0,665.0,0.006024096
None0,212.0,666.0,0.006024096
None0,212.0,670.0,0.006024096
None0,212.0,677.0,0.006024096
None0,212.0,680.0,0.006024096
None0,212.0,681.0,0.006024096
None0,212.0,685.0,0.006024096
None0,212.0,704.0,0.006024096
None0,212.0,731.0,0.006024096
None0,212.0,740.0,0.006024096
None0,212.0,776.0,0.006024096
None0,212.0,785.0,0.006024096
None0,212.0,807.0,0.006024096
None0,212.0,811.0,0.006024096
None0,212.0,812.0,0.012048193
None0,212.0,816.0,0.012048193
None0,212.0,825.0,0.006024096
None0,212.0,827.0,0.006024096
None0,212.0,837.0,0.006024096
None0,212.0,839.0,0.006024096
None0,212.0,848.0,0.006024096
None0,212.0,857.0,0.006024096
None0,212.0,863.0,0.006024096
None0,212.0,867.0,0.006024096
None0,212.0,870.0,0.006024096
None0,212.0,885.0,0.006024096
None0,212.0,894.0,0.006024096
None0,212.0,913.0,0.006024096
None0,212.0,924.0,0.006024096
None0,212.0,937.0,0.006024096
None0,212.0,938.0,0.006024096
None0,212.0,954.0,0.018072289
None0,212.0,964.0,0.006024096
None0,212.0,971.0,0.012048193
None0,212.0,978.0,0.006024096
None0,212.0,984.0,0.006024096
None0,212.0,989.0,0.012048193
None0,212.0,990.0,0.006024096
None0,212.0,997.0,0.006024096
None0,212.0,1009.0,0.006024096
None0,212.0,1015.0,0.030120482
None0,212.0,1020.0,0.006024096
None0,212.0,1027.0,0.018072289
None0,212.0,1041.0,0.006024096
None0,212.0,1043.0,0.012048193
None0,212.0,1053.0,0.006024096
None0,212.0,1054.0,0.006024096
None0,212.0,1060.0,0.006024096
None0,212.0,1083.0,0.006024096
None0,212.0,1088.0,0.006024096
None0,212.0,1093.0,0.006024096
None0,212.0,1108.0,0.006024096
None0,212.0,1110.0,0.006024096
None0,212.0,1120.0,0.012048193
None0,212.0,1132.0,0.006024096
None0,212.0,1136.0,0.006024096
None0,212.0,1137.0,0.006024096
None0,212.0,1143.0,0.006024096
None0,212.0,1144.0,0.006024096
None0,212.0,1146.0,0.006024096
None0,212.0,1160.0,0.006024096
None0,212.0,1162.0,0.006024096
None0,212.0,1192.0,0.006024096
None0,212.0,1204.0,0.006024096
None0,212.0,1214.0,0.006024096
None0,212.0,1220.0,0.006024096
None0,212.0,1225.0,0.006024096
None0,212.0,1228.0,0.006024096
None0,212.0,1231.0,0.012048193
None0,212.0,1239.0,0.006024096
None0,212.0,1242.0,0.006024096
None0,212.0,1246.0,0.012048193
None0,212.0,1252.0,0.006024096
None0,212.0,1257.0,0.006024096
None0,212.0,1258.0,0.006024096
None0,212.0,1274.0,0.018072289
None0,212.0,1282.0,0.006024096
None0,212.0,1283.0,0.006024096
None0,212.0,1285.0,0.006024096
None0,212.0,1290.0,0.006024096
None0,212.0,1301.0,0.006024096
None0,212.0,1302.0,0.006024096
None0,212.0,1334.0,0.006024096
None0,212.0,1340.0,0.006024096
None0,212.0,1358.0,0.018072289
None0,212.0,1367.0,0.006024096
None0,212.0,1373.0,0.006024096
None0,212.0,1375.0,0.006024096
None0,212.0,1400.0,0.006024096
None0,212.0,1402.0,0.006024096
None0,212.0,1410.0,0.012048193
None0,212.0,1422.0,0.006024096
None0,212.0,1423.0,0.012048193
None0,212.0,1425.0,0.006024096
None0,212.0,1434.0,0.006024096
None0,212.0,1437.0,0.012048193
None0,212.0,1459.0,0.006024096
None0,212.0,1462.0,0.006024096
None0,212.0,1487.0,0.006024096
None0,212.0,1492.0,0.012048193
None0,212.0,1502.0,0.006024096
None0,212.0,1513.0,0.006024096
None0,212.0,1519.0,0.006024096
None0,212.0,1520.0,0.006024096
None0,212.0,1522.0,0.006024096
None0,212.0,1523.0,0.006024096
None0,212.0,1544.0,0.006024096
None0,212.0,1551.0,0.006024096
None0,212.0,1554.0,0.006024096
None0,212.0,1559.0,0.006024096
None0,212.0,1570.0,0.006024096
None0,212.0,1572.0,0.006024096
None0,212.0,1580.0,0.012048193
None0,212.0,1597.0,0.024096386
None0,212.0,1599.0,0.006024096
None0,212.0,1631.0,0.006024096
None0,212.0,1637.0,0.006024096
None0,212.0,1638.0,0.006024096
None0,212.0,1651.0,0.006024096
None0,212.0,1702.0,0.018072289
None0,212.0,1710.0,0.018072289
None0,212.0,1716.0,0.006024096
None0,212.0,1717.0,0.006024096
None0,212.0,1744.0,0.006024096
None0,212.0,1749.0,0.012048193
None0,212.0,1751.0,0.006024096
None0,212.0,1757.0,0.012048193
None0,212.0,1779.0,0.012048193
None0,212.0,1783.0,0.012048193
None0,212.0,1797.0,0.006024096
None0,212.0,1812.0,0.006024096
None0,212.0,1837.0,0.006024096
None0,212.0,1846.0,0.006024096
None0,212.0,1851.0,0.006024096
None0,212.0,1853.0,0.006024096
None0,212.0,1887.0,0.006024096
None0,212.0,1890.0,0.012048193
None0,212.0,1901.0,0.006024096
None0,212.0,1907.0,0.006024096
None0,212.0,1923.0,0.006024096
None0,212.0,1944.0,0.006024096
None0,212.0,1948.0,0.012048193
None0,212.0,1955.0,0.006024096
None0,212.0,1959.0,0.006024096
None0,212.0,1960.0,0.006024096
None0,212.0,1961.0,0.006024096
None0,212.0,1966.0,0.006024096
None0,212.0,1975.0,0.012048193
None0,212.0,1977.0,0.036144578
None0,212.0,1983.0,0.018072289
None0,212.0,1988.0,0.006024096
None0,213.0,0.0,0.005980861
None0,213.0,3.0,0.009569378
None0,213.0,4.0,0.007177033
None0,213.0,5.0,0.008373206
None0,213.0,6.0,0.001196172
None0,213.0,10.0,0.002392344
None0,213.0,12.0,0.011961722
None0,213.0,13.0,0.016746411
None0,213.0,15.0,0.002392344
None0,213.0,16.0,0.001196172
None0,213.0,17.0,0.001196172
None0,213.0,21.0,0.001196172
None0,213.0,23.0,0.002392344
None0,213.0,24.0,0.003588517
None0,213.0,26.0,0.001196172
None0,213.0,27.0,0.026315789
None0,213.0,28.0,0.009569378
None0,213.0,29.0,0.007177033
None0,213.0,30.0,0.011961722
None0,213.0,31.0,0.001196172
None0,213.0,33.0,0.01076555
None0,213.0,35.0,0.002392344
None0,213.0,37.0,0.007177033
None0,213.0,38.0,0.062200957
None0,213.0,39.0,0.001196172
None0,213.0,40.0,0.001196172
None0,213.0,41.0,0.001196172
None0,213.0,42.0,0.002392344
None0,213.0,43.0,0.001196172
None0,213.0,46.0,0.004784689
None0,213.0,47.0,0.002392344
None0,213.0,48.0,0.002392344
None0,213.0,49.0,0.001196172
None0,213.0,52.0,0.001196172
None0,213.0,55.0,0.001196172
None0,213.0,56.0,0.002392344
None0,213.0,58.0,0.002392344
None0,213.0,59.0,0.001196172
None0,213.0,60.0,0.002392344
None0,213.0,62.0,0.004784689
None0,213.0,63.0,0.003588517
None0,213.0,64.0,0.002392344
None0,213.0,66.0,0.002392344
None0,213.0,67.0,0.004784689
None0,213.0,68.0,0.003588517
None0,213.0,69.0,0.007177033
None0,213.0,73.0,0.001196172
None0,213.0,74.0,0.003588517
None0,213.0,83.0,0.001196172
None0,213.0,91.0,0.003588517
None0,213.0,94.0,0.008373206
None0,213.0,105.0,0.001196172
None0,213.0,106.0,0.001196172
None0,213.0,113.0,0.001196172
None0,213.0,128.0,0.002392344
None0,213.0,139.0,0.001196172
None0,213.0,147.0,0.002392344
None0,213.0,148.0,0.001196172
None0,213.0,150.0,0.001196172
None0,213.0,157.0,0.001196172
None0,213.0,161.0,0.001196172
None0,213.0,166.0,0.001196172
None0,213.0,167.0,0.002392344
None0,213.0,168.0,0.001196172
None0,213.0,172.0,0.001196172
None0,213.0,175.0,0.001196172
None0,213.0,176.0,0.002392344
None0,213.0,177.0,0.01076555
None0,213.0,178.0,0.016746411
None0,213.0,179.0,0.003588517
None0,213.0,182.0,0.001196172
None0,213.0,187.0,0.01076555
None0,213.0,188.0,0.001196172
None0,213.0,190.0,0.002392344
None0,213.0,191.0,0.005980861
None0,213.0,194.0,0.005980861
None0,213.0,195.0,0.007177033
None0,213.0,198.0,0.007177033
None0,213.0,199.0,0.001196172
None0,213.0,205.0,0.001196172
None0,213.0,227.0,0.001196172
None0,213.0,228.0,0.011961722
None0,213.0,229.0,0.001196172
None0,213.0,231.0,0.002392344
None0,213.0,233.0,0.001196172
None0,213.0,237.0,0.001196172
None0,213.0,238.0,0.001196172
None0,213.0,242.0,0.001196172
None0,213.0,244.0,0.001196172
None0,213.0,246.0,0.008373206
None0,213.0,247.0,0.007177033
None0,213.0,248.0,0.001196172
None0,213.0,250.0,0.004784689
None0,213.0,251.0,0.011961722
None0,213.0,253.0,0.001196172
None0,213.0,257.0,0.001196172
None0,213.0,258.0,0.008373206
None0,213.0,259.0,0.001196172
None0,213.0,260.0,0.003588517
None0,213.0,261.0,0.009569378
None0,213.0,262.0,0.001196172
None0,213.0,265.0,0.001196172
None0,213.0,266.0,0.003588517
None0,213.0,270.0,0.008373206
None0,213.0,271.0,0.001196172
None0,213.0,278.0,0.001196172
None0,213.0,282.0,0.002392344
None0,213.0,286.0,0.008373206
None0,213.0,288.0,0.005980861
None0,213.0,291.0,0.007177033
None0,213.0,301.0,0.011961722
None0,213.0,304.0,0.002392344
None0,213.0,305.0,0.001196172
None0,213.0,309.0,0.011961722
None0,213.0,310.0,0.027511962
None0,213.0,313.0,0.007177033
None0,213.0,314.0,0.002392344
None0,213.0,315.0,0.001196172
None0,213.0,317.0,0.002392344
None0,213.0,319.0,0.026315789
None0,213.0,320.0,0.007177033
None0,213.0,324.0,0.004784689
None0,213.0,325.0,0.003588517
None0,213.0,328.0,0.002392344
None0,213.0,332.0,0.002392344
None0,213.0,335.0,0.001196172
None0,213.0,336.0,0.001196172
None0,213.0,337.0,0.001196172
None0,213.0,338.0,0.002392344
None0,213.0,340.0,0.001196172
None0,213.0,341.0,0.003588517
None0,213.0,343.0,0.001196172
None0,213.0,346.0,0.002392344
None0,213.0,348.0,0.015550239
None0,213.0,349.0,0.001196172
None0,213.0,358.0,0.005980861
None0,213.0,364.0,0.011961722
None0,213.0,365.0,0.011961722
None0,213.0,367.0,0.002392344
None0,213.0,369.0,0.014354067
None0,213.0,370.0,0.002392344
None0,213.0,371.0,0.003588517
None0,213.0,372.0,0.002392344
None0,213.0,373.0,0.002392344
None0,213.0,378.0,0.002392344
None0,213.0,379.0,0.002392344
None0,213.0,380.0,0.001196172
None0,213.0,381.0,0.001196172
None0,213.0,382.0,0.002392344
None0,213.0,383.0,0.002392344
None0,213.0,390.0,0.007177033
None0,213.0,393.0,0.003588517
None0,213.0,394.0,0.011961722
None0,213.0,398.0,0.009569378
None0,213.0,403.0,0.004784689
None0,213.0,409.0,0.001196172
None0,213.0,414.0,0.001196172
None0,213.0,415.0,0.007177033
None0,213.0,417.0,0.003588517
None0,213.0,420.0,0.002392344
None0,213.0,425.0,0.001196172
None0,213.0,429.0,0.001196172
None0,213.0,432.0,0.002392344
None0,213.0,439.0,0.01076555
None0,213.0,442.0,0.004784689
None0,213.0,445.0,0.002392344
None0,213.0,446.0,0.001196172
None0,213.0,447.0,0.001196172
None0,213.0,450.0,0.004784689
None0,213.0,451.0,0.001196172
None0,213.0,453.0,0.002392344
None0,213.0,454.0,0.005980861
None0,213.0,457.0,0.005980861
None0,213.0,458.0,0.001196172
None0,213.0,459.0,0.001196172
None0,213.0,460.0,0.001196172
None0,213.0,462.0,0.002392344
None0,213.0,465.0,0.004784689
None0,213.0,466.0,0.003588517
None0,213.0,467.0,0.005980861
None0,213.0,469.0,0.001196172
None0,213.0,473.0,0.001196172
None0,213.0,478.0,0.004784689
None0,213.0,480.0,0.001196172
None0,213.0,482.0,0.004784689
None0,213.0,483.0,0.001196172
None0,213.0,484.0,0.002392344
None0,213.0,487.0,0.001196172
None0,213.0,488.0,0.011961722
None0,213.0,489.0,0.001196172
None0,213.0,490.0,0.001196172
None0,213.0,494.0,0.002392344
None0,213.0,495.0,0.016746411
None0,213.0,496.0,0.001196172
None0,213.0,499.0,0.001196172
None0,213.0,504.0,0.001196172
None0,213.0,505.0,0.017942584
None0,213.0,506.0,0.005980861
None0,213.0,509.0,0.003588517
None0,213.0,512.0,0.001196172
None0,213.0,513.0,0.001196172
None0,213.0,515.0,0.007177033
None0,213.0,516.0,0.008373206
None0,213.0,517.0,0.002392344
None0,213.0,523.0,0.002392344
None0,213.0,526.0,0.011961722
None0,213.0,528.0,0.002392344
None0,213.0,531.0,0.009569378
None0,213.0,533.0,0.013157895
None0,213.0,545.0,0.003588517
None0,213.0,546.0,0.004784689
None0,213.0,552.0,0.004784689
None0,213.0,553.0,0.026315789
None0,213.0,554.0,0.002392344
None0,213.0,555.0,0.001196172
None0,213.0,557.0,0.005980861
None0,213.0,561.0,0.001196172
None0,213.0,564.0,0.011961722
None0,213.0,567.0,0.001196172
None0,213.0,568.0,0.002392344
None0,213.0,571.0,0.001196172
None0,213.0,572.0,0.003588517
None0,213.0,574.0,0.001196172
None0,213.0,575.0,0.002392344
None0,213.0,576.0,0.004784689
None0,213.0,577.0,0.005980861
None0,213.0,580.0,0.004784689
None0,213.0,582.0,0.013157895
None0,213.0,587.0,0.003588517
None0,213.0,590.0,0.002392344
None0,213.0,596.0,0.001196172
None0,213.0,597.0,0.001196172
None0,213.0,598.0,0.001196172
None0,213.0,599.0,0.001196172
None0,213.0,600.0,0.001196172
None0,213.0,604.0,0.001196172
None0,213.0,606.0,0.023923445
None0,213.0,610.0,0.001196172
None0,213.0,612.0,0.001196172
None0,213.0,613.0,0.001196172
None0,213.0,615.0,0.001196172
None0,213.0,616.0,0.002392344
None0,213.0,617.0,0.001196172
None0,213.0,620.0,0.002392344
None0,213.0,622.0,0.002392344
None0,213.0,624.0,0.001196172
None0,213.0,629.0,0.007177033
None0,213.0,630.0,0.002392344
None0,213.0,631.0,0.001196172
None0,213.0,632.0,0.001196172
None0,213.0,635.0,0.003588517
None0,213.0,637.0,0.007177033
None0,213.0,638.0,0.003588517
None0,213.0,639.0,0.001196172
None0,213.0,645.0,0.003588517
None0,213.0,648.0,0.001196172
None0,213.0,657.0,0.001196172
None0,213.0,659.0,0.003588517
None0,213.0,662.0,0.001196172
None0,213.0,665.0,0.001196172
None0,213.0,667.0,0.003588517
None0,213.0,669.0,0.001196172
None0,213.0,670.0,0.004784689
None0,213.0,672.0,0.004784689
None0,213.0,673.0,0.002392344
None0,213.0,676.0,0.005980861
None0,213.0,678.0,0.001196172
None0,213.0,681.0,0.001196172
None0,213.0,683.0,0.002392344
None0,213.0,688.0,0.001196172
None0,213.0,691.0,0.002392344
None0,213.0,694.0,0.001196172
None0,213.0,695.0,0.002392344
None0,213.0,700.0,0.001196172
None0,213.0,704.0,0.016746411
None0,213.0,717.0,0.001196172
None0,213.0,721.0,0.001196172
None0,213.0,724.0,0.001196172
None0,213.0,725.0,0.001196172
None0,213.0,726.0,0.004784689
None0,213.0,728.0,0.003588517
None0,213.0,734.0,0.002392344
None0,213.0,735.0,0.002392344
None0,213.0,737.0,0.001196172
None0,213.0,739.0,0.002392344
None0,213.0,747.0,0.009569378
None0,213.0,751.0,0.009569378
None0,213.0,754.0,0.001196172
None0,213.0,761.0,0.001196172
None0,213.0,767.0,0.003588517
None0,213.0,768.0,0.003588517
None0,213.0,770.0,0.001196172
None0,213.0,774.0,0.003588517
None0,213.0,780.0,0.001196172
None0,213.0,783.0,0.002392344
None0,213.0,785.0,0.004784689
None0,213.0,788.0,0.003588517
None0,213.0,790.0,0.001196172
None0,213.0,792.0,0.003588517
None0,213.0,794.0,0.001196172
None0,213.0,795.0,0.003588517
None0,213.0,801.0,0.001196172
None0,213.0,805.0,0.007177033
None0,213.0,807.0,0.009569378
None0,213.0,812.0,0.002392344
None0,213.0,816.0,0.005980861
None0,213.0,817.0,0.004784689
None0,213.0,819.0,0.001196172
None0,213.0,822.0,0.001196172
None0,213.0,823.0,0.002392344
None0,213.0,824.0,0.001196172
None0,213.0,825.0,0.003588517
None0,213.0,826.0,0.002392344
None0,213.0,827.0,0.003588517
None0,213.0,830.0,0.003588517
None0,213.0,838.0,0.001196172
None0,213.0,839.0,0.005980861
None0,213.0,843.0,0.002392344
None0,213.0,845.0,0.001196172
None0,213.0,847.0,0.001196172
None0,213.0,848.0,0.008373206
None0,213.0,849.0,0.002392344
None0,213.0,852.0,0.001196172
None0,213.0,853.0,0.001196172
None0,213.0,855.0,0.001196172
None0,213.0,857.0,0.011961722
None0,213.0,860.0,0.003588517
None0,213.0,861.0,0.001196172
None0,213.0,862.0,0.003588517
None0,213.0,863.0,0.005980861
None0,213.0,865.0,0.001196172
None0,213.0,867.0,0.001196172
None0,213.0,868.0,0.001196172
None0,213.0,870.0,0.003588517
None0,213.0,872.0,0.001196172
None0,213.0,877.0,0.002392344
None0,213.0,882.0,0.001196172
None0,213.0,883.0,0.001196172
None0,213.0,884.0,0.001196172
None0,213.0,885.0,0.004784689
None0,213.0,888.0,0.002392344
None0,213.0,889.0,0.001196172
None0,213.0,892.0,0.001196172
None0,213.0,895.0,0.002392344
None0,213.0,897.0,0.001196172
None0,213.0,898.0,0.001196172
None0,213.0,901.0,0.001196172
None0,213.0,904.0,0.001196172
None0,213.0,907.0,0.001196172
None0,213.0,910.0,0.002392344
None0,213.0,913.0,0.001196172
None0,213.0,916.0,0.001196172
None0,213.0,918.0,0.001196172
None0,213.0,920.0,0.001196172
None0,213.0,923.0,0.003588517
None0,213.0,927.0,0.001196172
None0,213.0,928.0,0.001196172
None0,213.0,933.0,0.005980861
None0,213.0,934.0,0.002392344
None0,213.0,935.0,0.001196172
None0,213.0,938.0,0.001196172
None0,213.0,940.0,0.005980861
None0,213.0,941.0,0.002392344
None0,213.0,948.0,0.004784689
None0,213.0,949.0,0.001196172
None0,213.0,952.0,0.003588517
None0,213.0,953.0,0.001196172
None0,213.0,954.0,0.013157895
None0,213.0,955.0,0.001196172
None0,213.0,956.0,0.001196172
None0,213.0,957.0,0.004784689
None0,213.0,963.0,0.001196172
None0,213.0,964.0,0.011961722
None0,213.0,966.0,0.001196172
None0,213.0,969.0,0.001196172
None0,213.0,976.0,0.001196172
None0,213.0,977.0,0.001196172
None0,213.0,978.0,0.003588517
None0,213.0,986.0,0.003588517
None0,213.0,989.0,0.004784689
None0,213.0,990.0,0.004784689
None0,213.0,993.0,0.002392344
None0,213.0,995.0,0.001196172
None0,213.0,997.0,0.001196172
None0,213.0,999.0,0.005980861
None0,213.0,1002.0,0.001196172
None0,213.0,1004.0,0.001196172
None0,213.0,1007.0,0.002392344
None0,213.0,1008.0,0.001196172
None0,213.0,1009.0,0.003588517
None0,213.0,1011.0,0.002392344
None0,213.0,1012.0,0.002392344
None0,213.0,1014.0,0.002392344
None0,213.0,1015.0,0.023923445
None0,213.0,1017.0,0.001196172
None0,213.0,1018.0,0.001196172
None0,213.0,1020.0,0.001196172
None0,213.0,1024.0,0.001196172
None0,213.0,1025.0,0.004784689
None0,213.0,1026.0,0.001196172
None0,213.0,1027.0,0.004784689
None0,213.0,1030.0,0.001196172
None0,213.0,1032.0,0.003588517
None0,213.0,1038.0,0.001196172
None0,213.0,1041.0,0.001196172
None0,213.0,1043.0,0.01076555
None0,213.0,1046.0,0.003588517
None0,213.0,1048.0,0.001196172
None0,213.0,1049.0,0.001196172
None0,213.0,1051.0,0.001196172
None0,213.0,1052.0,0.002392344
None0,213.0,1053.0,0.01076555
None0,213.0,1056.0,0.001196172
None0,213.0,1059.0,0.002392344
None0,213.0,1060.0,0.001196172
None0,213.0,1067.0,0.001196172
None0,213.0,1068.0,0.003588517
None0,213.0,1070.0,0.001196172
None0,213.0,1072.0,0.001196172
None0,213.0,1074.0,0.001196172
None0,213.0,1077.0,0.001196172
None0,213.0,1078.0,0.001196172
None0,213.0,1083.0,0.002392344
None0,213.0,1084.0,0.004784689
None0,213.0,1086.0,0.001196172
None0,213.0,1090.0,0.004784689
None0,213.0,1093.0,0.001196172
None0,213.0,1094.0,0.001196172
None0,213.0,1096.0,0.002392344
None0,213.0,1098.0,0.001196172
None0,213.0,1104.0,0.001196172
None0,213.0,1105.0,0.001196172
None0,213.0,1106.0,0.001196172
None0,213.0,1114.0,0.001196172
None0,213.0,1116.0,0.003588517
None0,213.0,1117.0,0.001196172
None0,213.0,1124.0,0.004784689
None0,213.0,1127.0,0.004784689
None0,213.0,1130.0,0.002392344
None0,213.0,1132.0,0.001196172
None0,213.0,1134.0,0.001196172
None0,213.0,1135.0,0.004784689
None0,213.0,1136.0,0.001196172
None0,213.0,1137.0,0.004784689
None0,213.0,1140.0,0.001196172
None0,213.0,1143.0,0.003588517
None0,213.0,1144.0,0.003588517
None0,213.0,1146.0,0.001196172
None0,213.0,1153.0,0.001196172
None0,213.0,1155.0,0.001196172
None0,213.0,1158.0,0.005980861
None0,213.0,1160.0,0.013157895
None0,213.0,1161.0,0.001196172
None0,213.0,1162.0,0.016746411
None0,213.0,1164.0,0.002392344
None0,213.0,1165.0,0.003588517
None0,213.0,1166.0,0.002392344
None0,213.0,1171.0,0.001196172
None0,213.0,1177.0,0.009569378
None0,213.0,1180.0,0.001196172
None0,213.0,1181.0,0.002392344
None0,213.0,1186.0,0.003588517
None0,213.0,1194.0,0.001196172
None0,213.0,1197.0,0.001196172
None0,213.0,1198.0,0.001196172
None0,213.0,1199.0,0.001196172
None0,213.0,1201.0,0.001196172
None0,213.0,1204.0,0.001196172
None0,213.0,1205.0,0.003588517
None0,213.0,1212.0,0.001196172
None0,213.0,1214.0,0.003588517
None0,213.0,1216.0,0.005980861
None0,213.0,1226.0,0.001196172
None0,213.0,1227.0,0.001196172
None0,213.0,1237.0,0.003588517
None0,213.0,1238.0,0.001196172
None0,213.0,1239.0,0.001196172
None0,213.0,1242.0,0.001196172
None0,213.0,1246.0,0.002392344
None0,213.0,1247.0,0.007177033
None0,213.0,1251.0,0.002392344
None0,213.0,1252.0,0.004784689
None0,213.0,1257.0,0.003588517
None0,213.0,1258.0,0.001196172
None0,213.0,1260.0,0.001196172
None0,213.0,1265.0,0.001196172
None0,213.0,1267.0,0.001196172
None0,213.0,1270.0,0.001196172
None0,213.0,1274.0,0.019138756
None0,213.0,1275.0,0.005980861
None0,213.0,1278.0,0.001196172
None0,213.0,1279.0,0.001196172
None0,213.0,1282.0,0.002392344
None0,213.0,1284.0,0.001196172
None0,213.0,1302.0,0.002392344
None0,213.0,1304.0,0.001196172
None0,213.0,1305.0,0.001196172
None0,213.0,1309.0,0.002392344
None0,213.0,1318.0,0.001196172
None0,213.0,1320.0,0.001196172
None0,213.0,1327.0,0.001196172
None0,213.0,1328.0,0.001196172
None0,213.0,1330.0,0.001196172
None0,213.0,1333.0,0.003588517
None0,213.0,1334.0,0.001196172
None0,213.0,1338.0,0.001196172
None0,213.0,1340.0,0.002392344
None0,213.0,1344.0,0.001196172
None0,213.0,1347.0,0.001196172
None0,213.0,1348.0,0.001196172
None0,213.0,1349.0,0.001196172
None0,213.0,1353.0,0.015550239
None0,213.0,1358.0,0.005980861
None0,213.0,1360.0,0.002392344
None0,213.0,1361.0,0.002392344
None0,213.0,1362.0,0.001196172
None0,213.0,1364.0,0.001196172
None0,213.0,1367.0,0.003588517
None0,213.0,1371.0,0.002392344
None0,213.0,1372.0,0.001196172
None0,213.0,1373.0,0.015550239
None0,213.0,1374.0,0.001196172
None0,213.0,1375.0,0.001196172
None0,213.0,1377.0,0.002392344
None0,213.0,1381.0,0.001196172
None0,213.0,1382.0,0.001196172
None0,213.0,1383.0,0.001196172
None0,213.0,1386.0,0.003588517
None0,213.0,1387.0,0.001196172
None0,213.0,1392.0,0.002392344
None0,213.0,1401.0,0.001196172
None0,213.0,1403.0,0.005980861
None0,213.0,1404.0,0.003588517
None0,213.0,1406.0,0.001196172
None0,213.0,1413.0,0.001196172
None0,213.0,1414.0,0.001196172
None0,213.0,1420.0,0.001196172
None0,213.0,1423.0,0.008373206
None0,213.0,1429.0,0.002392344
None0,213.0,1430.0,0.001196172
None0,213.0,1433.0,0.001196172
None0,213.0,1434.0,0.001196172
None0,213.0,1435.0,0.001196172
None0,213.0,1444.0,0.002392344
None0,213.0,1454.0,0.003588517
None0,213.0,1455.0,0.003588517
None0,213.0,1458.0,0.001196172
None0,213.0,1462.0,0.022727273
None0,213.0,1464.0,0.001196172
None0,213.0,1465.0,0.001196172
None0,213.0,1466.0,0.002392344
None0,213.0,1470.0,0.001196172
None0,213.0,1472.0,0.002392344
None0,213.0,1479.0,0.001196172
None0,213.0,1481.0,0.001196172
None0,213.0,1483.0,0.004784689
None0,213.0,1489.0,0.002392344
None0,213.0,1490.0,0.001196172
None0,213.0,1492.0,0.003588517
None0,213.0,1495.0,0.002392344
None0,213.0,1497.0,0.001196172
None0,213.0,1498.0,0.001196172
None0,213.0,1503.0,0.001196172
None0,213.0,1514.0,0.015550239
None0,213.0,1519.0,0.003588517
None0,213.0,1520.0,0.004784689
None0,213.0,1521.0,0.001196172
None0,213.0,1522.0,0.005980861
None0,213.0,1523.0,0.004784689
None0,213.0,1526.0,0.001196172
None0,213.0,1532.0,0.001196172
None0,213.0,1536.0,0.001196172
None0,213.0,1540.0,0.003588517
None0,213.0,1543.0,0.001196172
None0,213.0,1545.0,0.004784689
None0,213.0,1547.0,0.001196172
None0,213.0,1550.0,0.001196172
None0,213.0,1553.0,0.001196172
None0,213.0,1554.0,0.002392344
None0,213.0,1557.0,0.005980861
None0,213.0,1559.0,0.001196172
None0,213.0,1560.0,0.002392344
None0,213.0,1563.0,0.002392344
None0,213.0,1566.0,0.005980861
None0,213.0,1568.0,0.001196172
None0,213.0,1570.0,0.007177033
None0,213.0,1574.0,0.001196172
None0,213.0,1580.0,0.002392344
None0,213.0,1581.0,0.002392344
None0,213.0,1586.0,0.003588517
None0,213.0,1593.0,0.001196172
None0,213.0,1597.0,0.011961722
None0,213.0,1598.0,0.001196172
None0,213.0,1599.0,0.002392344
None0,213.0,1605.0,0.003588517
None0,213.0,1615.0,0.001196172
None0,213.0,1617.0,0.001196172
None0,213.0,1619.0,0.001196172
None0,213.0,1621.0,0.003588517
None0,213.0,1625.0,0.001196172
None0,213.0,1626.0,0.003588517
None0,213.0,1631.0,0.002392344
None0,213.0,1633.0,0.001196172
None0,213.0,1634.0,0.001196172
None0,213.0,1637.0,0.001196172
None0,213.0,1640.0,0.003588517
None0,213.0,1648.0,0.001196172
None0,213.0,1651.0,0.004784689
None0,213.0,1655.0,0.005980861
None0,213.0,1656.0,0.005980861
None0,213.0,1660.0,0.004784689
None0,213.0,1662.0,0.001196172
None0,213.0,1664.0,0.004784689
None0,213.0,1666.0,0.001196172
None0,213.0,1671.0,0.001196172
None0,213.0,1676.0,0.001196172
None0,213.0,1682.0,0.001196172
None0,213.0,1689.0,0.001196172
None0,213.0,1693.0,0.001196172
None0,213.0,1695.0,0.002392344
None0,213.0,1696.0,0.001196172
None0,213.0,1698.0,0.003588517
None0,213.0,1700.0,0.001196172
None0,213.0,1702.0,0.014354067
None0,213.0,1703.0,0.002392344
None0,213.0,1704.0,0.004784689
None0,213.0,1705.0,0.002392344
None0,213.0,1708.0,0.002392344
None0,213.0,1710.0,0.01076555
None0,213.0,1712.0,0.003588517
None0,213.0,1715.0,0.002392344
None0,213.0,1716.0,0.011961722
None0,213.0,1717.0,0.001196172
None0,213.0,1719.0,0.001196172
None0,213.0,1724.0,0.004784689
None0,213.0,1731.0,0.001196172
None0,213.0,1737.0,0.004784689
None0,213.0,1740.0,0.002392344
None0,213.0,1741.0,0.001196172
None0,213.0,1742.0,0.002392344
None0,213.0,1744.0,0.003588517
None0,213.0,1746.0,0.001196172
None0,213.0,1748.0,0.001196172
None0,213.0,1749.0,0.015550239
None0,213.0,1751.0,0.002392344
None0,213.0,1755.0,0.002392344
None0,213.0,1756.0,0.005980861
None0,213.0,1757.0,0.001196172
None0,213.0,1758.0,0.001196172
None0,213.0,1762.0,0.002392344
None0,213.0,1764.0,0.003588517
None0,213.0,1765.0,0.002392344
None0,213.0,1766.0,0.002392344
None0,213.0,1769.0,0.001196172
None0,213.0,1775.0,0.004784689
None0,213.0,1783.0,0.008373206
None0,213.0,1785.0,0.001196172
None0,213.0,1789.0,0.001196172
None0,213.0,1793.0,0.003588517
None0,213.0,1794.0,0.001196172
None0,213.0,1796.0,0.001196172
None0,213.0,1797.0,0.005980861
None0,213.0,1798.0,0.002392344
None0,213.0,1800.0,0.001196172
None0,213.0,1802.0,0.002392344
None0,213.0,1807.0,0.003588517
None0,213.0,1809.0,0.003588517
None0,213.0,1812.0,0.001196172
None0,213.0,1814.0,0.002392344
None0,213.0,1817.0,0.001196172
None0,213.0,1818.0,0.008373206
None0,213.0,1823.0,0.001196172
None0,213.0,1826.0,0.002392344
None0,213.0,1827.0,0.001196172
None0,213.0,1829.0,0.002392344
None0,213.0,1833.0,0.003588517
None0,213.0,1835.0,0.001196172
None0,213.0,1842.0,0.001196172
None0,213.0,1844.0,0.001196172
None0,213.0,1846.0,0.003588517
None0,213.0,1847.0,0.002392344
None0,213.0,1850.0,0.002392344
None0,213.0,1851.0,0.003588517
None0,213.0,1854.0,0.001196172
None0,213.0,1855.0,0.004784689
None0,213.0,1862.0,0.001196172
None0,213.0,1871.0,0.01076555
None0,213.0,1873.0,0.001196172
None0,213.0,1882.0,0.001196172
None0,213.0,1884.0,0.003588517
None0,213.0,1888.0,0.001196172
None0,213.0,1895.0,0.001196172
None0,213.0,1897.0,0.002392344
None0,213.0,1899.0,0.005980861
None0,213.0,1901.0,0.004784689
None0,213.0,1904.0,0.002392344
None0,213.0,1913.0,0.001196172
None0,213.0,1920.0,0.001196172
None0,213.0,1922.0,0.001196172
None0,213.0,1925.0,0.002392344
None0,213.0,1926.0,0.001196172
None0,213.0,1928.0,0.001196172
None0,213.0,1934.0,0.001196172
None0,213.0,1940.0,0.001196172
None0,213.0,1942.0,0.001196172
None0,213.0,1943.0,0.007177033
None0,213.0,1948.0,0.001196172
None0,213.0,1952.0,0.001196172
None0,213.0,1953.0,0.002392344
None0,213.0,1955.0,0.001196172
None0,213.0,1959.0,0.005980861
None0,213.0,1961.0,0.001196172
None0,213.0,1964.0,0.002392344
None0,213.0,1966.0,0.003588517
None0,213.0,1971.0,0.001196172
None0,213.0,1972.0,0.002392344
None0,213.0,1973.0,0.004784689
None0,213.0,1977.0,0.017942584
None0,213.0,1979.0,0.001196172
None0,213.0,1983.0,0.002392344
None0,213.0,1988.0,0.001196172
None0,213.0,1997.0,0.002392344
None0,214.0,3.0,0.004137931
None0,214.0,4.0,0.006896552
None0,214.0,5.0,0.004137931
None0,214.0,12.0,0.00137931
None0,214.0,13.0,0.00137931
None0,214.0,24.0,0.002758621
None0,214.0,27.0,0.009655172
None0,214.0,28.0,0.005517241
None0,214.0,30.0,0.00137931
None0,214.0,31.0,0.00137931
None0,214.0,33.0,0.002758621
None0,214.0,36.0,0.00137931
None0,214.0,38.0,0.056551724
None0,214.0,39.0,0.004137931
None0,214.0,40.0,0.004137931
None0,214.0,41.0,0.002758621
None0,214.0,49.0,0.00137931
None0,214.0,51.0,0.00137931
None0,214.0,53.0,0.00137931
None0,214.0,63.0,0.00137931
None0,214.0,65.0,0.00137931
None0,214.0,67.0,0.00137931
None0,214.0,69.0,0.00137931
None0,214.0,72.0,0.00137931
None0,214.0,89.0,0.00137931
None0,214.0,91.0,0.00137931
None0,214.0,94.0,0.00137931
None0,214.0,106.0,0.002758621
None0,214.0,116.0,0.00137931
None0,214.0,128.0,0.00137931
None0,214.0,168.0,0.00137931
None0,214.0,176.0,0.00137931
None0,214.0,177.0,0.005517241
None0,214.0,178.0,0.00137931
None0,214.0,186.0,0.00137931
None0,214.0,187.0,0.002758621
None0,214.0,189.0,0.00137931
None0,214.0,194.0,0.004137931
None0,214.0,195.0,0.006896552
None0,214.0,198.0,0.00137931
None0,214.0,199.0,0.00137931
None0,214.0,200.0,0.00137931
None0,214.0,203.0,0.00137931
None0,214.0,205.0,0.00137931
None0,214.0,220.0,0.00137931
None0,214.0,227.0,0.00137931
None0,214.0,228.0,0.00137931
None0,214.0,229.0,0.00137931
None0,214.0,233.0,0.00137931
None0,214.0,237.0,0.00137931
None0,214.0,238.0,0.002758621
None0,214.0,241.0,0.004137931
None0,214.0,246.0,0.00137931
None0,214.0,247.0,0.006896552
None0,214.0,251.0,0.00137931
None0,214.0,254.0,0.00137931
None0,214.0,255.0,0.00137931
None0,214.0,257.0,0.00137931
None0,214.0,258.0,0.005517241
None0,214.0,259.0,0.002758621
None0,214.0,261.0,0.00137931
None0,214.0,266.0,0.002758621
None0,214.0,270.0,0.00137931
None0,214.0,286.0,0.00137931
None0,214.0,291.0,0.002758621
None0,214.0,301.0,0.005517241
None0,214.0,302.0,0.00137931
None0,214.0,309.0,0.005517241
None0,214.0,310.0,0.012413793
None0,214.0,313.0,0.006896552
None0,214.0,314.0,0.00137931
None0,214.0,319.0,0.006896552
None0,214.0,325.0,0.00137931
None0,214.0,327.0,0.00137931
None0,214.0,332.0,0.00137931
None0,214.0,346.0,0.00137931
None0,214.0,347.0,0.00137931
None0,214.0,358.0,0.00137931
None0,214.0,362.0,0.00137931
None0,214.0,364.0,0.004137931
None0,214.0,365.0,0.002758621
None0,214.0,369.0,0.006896552
None0,214.0,371.0,0.00137931
None0,214.0,372.0,0.00137931
None0,214.0,382.0,0.00137931
None0,214.0,384.0,0.00137931
None0,214.0,390.0,0.006896552
None0,214.0,398.0,0.00137931
None0,214.0,407.0,0.00137931
None0,214.0,409.0,0.00137931
None0,214.0,415.0,0.002758621
None0,214.0,420.0,0.00137931
None0,214.0,429.0,0.00137931
None0,214.0,432.0,0.00137931
None0,214.0,439.0,0.011034483
None0,214.0,442.0,0.004137931
None0,214.0,446.0,0.00137931
None0,214.0,451.0,0.00137931
None0,214.0,454.0,0.002758621
None0,214.0,457.0,0.00137931
None0,214.0,458.0,0.00137931
None0,214.0,462.0,0.00137931
None0,214.0,465.0,0.00137931
None0,214.0,467.0,0.006896552
None0,214.0,482.0,0.00137931
None0,214.0,484.0,0.00137931
None0,214.0,488.0,0.00137931
None0,214.0,495.0,0.002758621
None0,214.0,504.0,0.002758621
None0,214.0,505.0,0.002758621
None0,214.0,509.0,0.00137931
None0,214.0,512.0,0.00137931
None0,214.0,515.0,0.012413793
None0,214.0,516.0,0.00137931
None0,214.0,517.0,0.002758621
None0,214.0,526.0,0.004137931
None0,214.0,528.0,0.00137931
None0,214.0,532.0,0.00137931
None0,214.0,533.0,0.009655172
None0,214.0,545.0,0.004137931
None0,214.0,546.0,0.004137931
None0,214.0,553.0,0.008275862
None0,214.0,554.0,0.002758621
None0,214.0,555.0,0.00137931
None0,214.0,557.0,0.002758621
None0,214.0,564.0,0.00137931
None0,214.0,568.0,0.00137931
None0,214.0,572.0,0.00137931
None0,214.0,576.0,0.00137931
None0,214.0,580.0,0.004137931
None0,214.0,582.0,0.002758621
None0,214.0,584.0,0.00137931
None0,214.0,588.0,0.00137931
None0,214.0,591.0,0.00137931
None0,214.0,599.0,0.00137931
None0,214.0,606.0,0.008275862
None0,214.0,609.0,0.00137931
None0,214.0,612.0,0.00137931
None0,214.0,617.0,0.00137931
None0,214.0,623.0,0.00137931
None0,214.0,629.0,0.004137931
None0,214.0,645.0,0.00137931
None0,214.0,657.0,0.00137931
None0,214.0,659.0,0.006896552
None0,214.0,661.0,0.00137931
None0,214.0,663.0,0.002758621
None0,214.0,665.0,0.002758621
None0,214.0,666.0,0.00137931
None0,214.0,669.0,0.005517241
None0,214.0,670.0,0.00137931
None0,214.0,681.0,0.00137931
None0,214.0,691.0,0.00137931
None0,214.0,692.0,0.00137931
None0,214.0,704.0,0.008275862
None0,214.0,727.0,0.00137931
None0,214.0,728.0,0.00137931
None0,214.0,729.0,0.00137931
None0,214.0,747.0,0.002758621
None0,214.0,767.0,0.002758621
None0,214.0,768.0,0.006896552
None0,214.0,783.0,0.002758621
None0,214.0,807.0,0.002758621
None0,214.0,809.0,0.00137931
None0,214.0,812.0,0.00137931
None0,214.0,823.0,0.00137931
None0,214.0,825.0,0.00137931
None0,214.0,827.0,0.00137931
None0,214.0,839.0,0.008275862
None0,214.0,840.0,0.00137931
None0,214.0,845.0,0.00137931
None0,214.0,848.0,0.002758621
None0,214.0,857.0,0.00137931
None0,214.0,858.0,0.00137931
None0,214.0,862.0,0.005517241
None0,214.0,863.0,0.00137931
None0,214.0,864.0,0.00137931
None0,214.0,867.0,0.00137931
None0,214.0,868.0,0.00137931
None0,214.0,870.0,0.00137931
None0,214.0,876.0,0.00137931
None0,214.0,882.0,0.00137931
None0,214.0,885.0,0.00137931
None0,214.0,890.0,0.00137931
None0,214.0,898.0,0.00137931
None0,214.0,900.0,0.00137931
None0,214.0,907.0,0.00137931
None0,214.0,908.0,0.00137931
None0,214.0,910.0,0.00137931
None0,214.0,913.0,0.00137931
None0,214.0,927.0,0.00137931
None0,214.0,940.0,0.00137931
None0,214.0,952.0,0.006896552
None0,214.0,954.0,0.004137931
None0,214.0,957.0,0.00137931
None0,214.0,964.0,0.008275862
None0,214.0,966.0,0.00137931
None0,214.0,968.0,0.00137931
None0,214.0,970.0,0.00137931
None0,214.0,976.0,0.00137931
None0,214.0,978.0,0.00137931
None0,214.0,999.0,0.002758621
None0,214.0,1002.0,0.00137931
None0,214.0,1015.0,0.011034483
None0,214.0,1016.0,0.00137931
None0,214.0,1017.0,0.002758621
None0,214.0,1025.0,0.005517241
None0,214.0,1027.0,0.002758621
None0,214.0,1030.0,0.00137931
None0,214.0,1041.0,0.00137931
None0,214.0,1043.0,0.004137931
None0,214.0,1046.0,0.004137931
None0,214.0,1053.0,0.00137931
None0,214.0,1056.0,0.00137931
None0,214.0,1059.0,0.004137931
None0,214.0,1072.0,0.00137931
None0,214.0,1077.0,0.00137931
None0,214.0,1081.0,0.00137931
None0,214.0,1084.0,0.002758621
None0,214.0,1086.0,0.00137931
None0,214.0,1102.0,0.00137931
None0,214.0,1125.0,0.00137931
None0,214.0,1137.0,0.002758621
None0,214.0,1141.0,0.002758621
None0,214.0,1144.0,0.002758621
None0,214.0,1152.0,0.00137931
None0,214.0,1160.0,0.004137931
None0,214.0,1162.0,0.011034483
None0,214.0,1166.0,0.00137931
None0,214.0,1181.0,0.00137931
None0,214.0,1183.0,0.00137931
None0,214.0,1186.0,0.00137931
None0,214.0,1200.0,0.00137931
None0,214.0,1204.0,0.00137931
None0,214.0,1213.0,0.00137931
None0,214.0,1215.0,0.00137931
None0,214.0,1216.0,0.00137931
None0,214.0,1221.0,0.00137931
None0,214.0,1225.0,0.00137931
None0,214.0,1228.0,0.00137931
None0,214.0,1237.0,0.00137931
None0,214.0,1247.0,0.004137931
None0,214.0,1252.0,0.00137931
None0,214.0,1258.0,0.00137931
None0,214.0,1274.0,0.002758621
None0,214.0,1291.0,0.00137931
None0,214.0,1312.0,0.00137931
None0,214.0,1316.0,0.00137931
None0,214.0,1318.0,0.00137931
None0,214.0,1328.0,0.00137931
None0,214.0,1334.0,0.00137931
None0,214.0,1340.0,0.00137931
None0,214.0,1353.0,0.004137931
None0,214.0,1357.0,0.004137931
None0,214.0,1360.0,0.00137931
None0,214.0,1373.0,0.015172414
None0,214.0,1380.0,0.00137931
None0,214.0,1381.0,0.002758621
None0,214.0,1384.0,0.00137931
None0,214.0,1392.0,0.002758621
None0,214.0,1397.0,0.00137931
None0,214.0,1401.0,0.00137931
None0,214.0,1408.0,0.00137931
None0,214.0,1416.0,0.00137931
None0,214.0,1423.0,0.004137931
None0,214.0,1440.0,0.00137931
None0,214.0,1449.0,0.00137931
None0,214.0,1454.0,0.00137931
None0,214.0,1458.0,0.00137931
None0,214.0,1462.0,0.008275862
None0,214.0,1466.0,0.002758621
None0,214.0,1470.0,0.006896552
None0,214.0,1471.0,0.00137931
None0,214.0,1483.0,0.00137931
None0,214.0,1497.0,0.004137931
None0,214.0,1507.0,0.00137931
None0,214.0,1514.0,0.005517241
None0,214.0,1516.0,0.00137931
None0,214.0,1519.0,0.004137931
None0,214.0,1520.0,0.002758621
None0,214.0,1523.0,0.00137931
None0,214.0,1524.0,0.00137931
None0,214.0,1525.0,0.00137931
None0,214.0,1529.0,0.00137931
None0,214.0,1543.0,0.00137931
None0,214.0,1545.0,0.00137931
None0,214.0,1551.0,0.00137931
None0,214.0,1553.0,0.00137931
None0,214.0,1555.0,0.002758621
None0,214.0,1561.0,0.00137931
None0,214.0,1562.0,0.00137931
None0,214.0,1563.0,0.006896552
None0,214.0,1570.0,0.002758621
None0,214.0,1576.0,0.00137931
None0,214.0,1586.0,0.00137931
None0,214.0,1597.0,0.009655172
None0,214.0,1599.0,0.002758621
None0,214.0,1605.0,0.00137931
None0,214.0,1619.0,0.00137931
None0,214.0,1625.0,0.00137931
None0,214.0,1626.0,0.00137931
None0,214.0,1628.0,0.00137931
None0,214.0,1633.0,0.00137931
None0,214.0,1637.0,0.00137931
None0,214.0,1640.0,0.00137931
None0,214.0,1644.0,0.00137931
None0,214.0,1655.0,0.005517241
None0,214.0,1657.0,0.00137931
None0,214.0,1682.0,0.002758621
None0,214.0,1685.0,0.002758621
None0,214.0,1691.0,0.00137931
None0,214.0,1702.0,0.012413793
None0,214.0,1704.0,0.00137931
None0,214.0,1705.0,0.00137931
None0,214.0,1710.0,0.00137931
None0,214.0,1712.0,0.00137931
None0,214.0,1716.0,0.009655172
None0,214.0,1721.0,0.00137931
None0,214.0,1722.0,0.00137931
None0,214.0,1725.0,0.00137931
None0,214.0,1731.0,0.00137931
None0,214.0,1740.0,0.00137931
None0,214.0,1744.0,0.00137931
None0,214.0,1749.0,0.00137931
None0,214.0,1751.0,0.00137931
None0,214.0,1755.0,0.004137931
None0,214.0,1756.0,0.002758621
None0,214.0,1764.0,0.00137931
None0,214.0,1765.0,0.00137931
None0,214.0,1775.0,0.005517241
None0,214.0,1779.0,0.00137931
None0,214.0,1786.0,0.00137931
None0,214.0,1793.0,0.002758621
None0,214.0,1794.0,0.00137931
None0,214.0,1797.0,0.004137931
None0,214.0,1814.0,0.005517241
None0,214.0,1816.0,0.00137931
None0,214.0,1818.0,0.00137931
None0,214.0,1820.0,0.00137931
None0,214.0,1827.0,0.00137931
None0,214.0,1829.0,0.00137931
None0,214.0,1834.0,0.00137931
None0,214.0,1835.0,0.002758621
None0,214.0,1842.0,0.004137931
None0,214.0,1843.0,0.00137931
None0,214.0,1846.0,0.002758621
None0,214.0,1851.0,0.00137931
None0,214.0,1861.0,0.00137931
None0,214.0,1865.0,0.00137931
None0,214.0,1868.0,0.00137931
None0,214.0,1871.0,0.002758621
None0,214.0,1888.0,0.00137931
None0,214.0,1893.0,0.002758621
None0,214.0,1895.0,0.002758621
None0,214.0,1897.0,0.00137931
None0,214.0,1899.0,0.004137931
None0,214.0,1901.0,0.004137931
None0,214.0,1904.0,0.002758621
None0,214.0,1911.0,0.00137931
None0,214.0,1913.0,0.00137931
None0,214.0,1928.0,0.00137931
None0,214.0,1931.0,0.00137931
None0,214.0,1934.0,0.002758621
None0,214.0,1943.0,0.004137931
None0,214.0,1944.0,0.00137931
None0,214.0,1947.0,0.00137931
None0,214.0,1950.0,0.00137931
None0,214.0,1959.0,0.00137931
None0,214.0,1961.0,0.00137931
None0,214.0,1964.0,0.002758621
None0,214.0,1972.0,0.00137931
None0,214.0,1975.0,0.002758621
None0,214.0,1977.0,0.004137931
None0,215.0,34.0,0.035714286
None0,215.0,38.0,0.035714286
None0,215.0,237.0,0.035714286
None0,215.0,254.0,0.035714286
None0,215.0,411.0,0.035714286
None0,215.0,528.0,0.035714286
None0,215.0,770.0,0.035714286
None0,215.0,812.0,0.035714286
None0,215.0,861.0,0.035714286
None0,215.0,1252.0,0.035714286
None0,215.0,1256.0,0.035714286
None0,215.0,1702.0,0.035714286
None0,215.0,1783.0,0.035714286
None0,216.0,401.0,0.5
None0,217.0,0.0,0.008409786
None0,217.0,2.0,0.000764526
None0,217.0,3.0,0.016055046
None0,217.0,4.0,0.00382263
None0,217.0,5.0,0.009938838
None0,217.0,6.0,0.000764526
None0,217.0,10.0,0.001529052
None0,217.0,12.0,0.032874618
None0,217.0,13.0,0.016055046
None0,217.0,15.0,0.002293578
None0,217.0,21.0,0.000764526
None0,217.0,23.0,0.000764526
None0,217.0,24.0,0.006116208
None0,217.0,26.0,0.000764526
None0,217.0,27.0,0.018348624
None0,217.0,28.0,0.123853211
None0,217.0,29.0,0.01146789
None0,217.0,30.0,0.039755352
None0,217.0,33.0,0.02293578
None0,217.0,35.0,0.002293578
None0,217.0,37.0,0.003058104
None0,217.0,38.0,0.019877676
None0,217.0,39.0,0.004587156
None0,217.0,40.0,0.005351682
None0,217.0,41.0,0.001529052
None0,217.0,43.0,0.001529052
None0,217.0,46.0,0.000764526
None0,217.0,48.0,0.004587156
None0,217.0,49.0,0.001529052
None0,217.0,51.0,0.002293578
None0,217.0,52.0,0.001529052
None0,217.0,53.0,0.000764526
None0,217.0,54.0,0.000764526
None0,217.0,56.0,0.000764526
None0,217.0,57.0,0.000764526
None0,217.0,58.0,0.002293578
None0,217.0,59.0,0.000764526
None0,217.0,61.0,0.003058104
None0,217.0,62.0,0.002293578
None0,217.0,63.0,0.002293578
None0,217.0,64.0,0.000764526
None0,217.0,65.0,0.000764526
None0,217.0,66.0,0.00382263
None0,217.0,67.0,0.003058104
None0,217.0,68.0,0.000764526
None0,217.0,69.0,0.003058104
None0,217.0,73.0,0.004587156
None0,217.0,74.0,0.006116208
None0,217.0,82.0,0.000764526
None0,217.0,84.0,0.002293578
None0,217.0,89.0,0.001529052
None0,217.0,91.0,0.008409786
None0,217.0,92.0,0.000764526
None0,217.0,93.0,0.001529052
None0,217.0,94.0,0.003058104
None0,217.0,106.0,0.001529052
None0,217.0,107.0,0.000764526
None0,217.0,110.0,0.000764526
None0,217.0,117.0,0.002293578
None0,217.0,119.0,0.000764526
None0,217.0,123.0,0.001529052
None0,217.0,128.0,0.00382263
None0,217.0,131.0,0.000764526
None0,217.0,139.0,0.001529052
None0,217.0,148.0,0.000764526
None0,217.0,155.0,0.000764526
None0,217.0,164.0,0.000764526
None0,217.0,168.0,0.000764526
None0,217.0,169.0,0.000764526
None0,217.0,176.0,0.000764526
None0,217.0,177.0,0.01911315
None0,217.0,178.0,0.004587156
None0,217.0,185.0,0.000764526
None0,217.0,187.0,0.006116208
None0,217.0,188.0,0.003058104
None0,217.0,189.0,0.002293578
None0,217.0,190.0,0.001529052
None0,217.0,191.0,0.002293578
None0,217.0,192.0,0.000764526
None0,217.0,194.0,0.005351682
None0,217.0,195.0,0.000764526
None0,217.0,198.0,0.002293578
None0,217.0,199.0,0.002293578
None0,217.0,200.0,0.000764526
None0,217.0,201.0,0.004587156
None0,217.0,222.0,0.000764526
None0,217.0,228.0,0.003058104
None0,217.0,229.0,0.001529052
None0,217.0,230.0,0.001529052
None0,217.0,231.0,0.001529052
None0,217.0,237.0,0.002293578
None0,217.0,238.0,0.001529052
None0,217.0,241.0,0.001529052
None0,217.0,243.0,0.001529052
None0,217.0,244.0,0.004587156
None0,217.0,245.0,0.005351682
None0,217.0,246.0,0.00382263
None0,217.0,247.0,0.009174312
None0,217.0,249.0,0.001529052
None0,217.0,250.0,0.000764526
None0,217.0,251.0,0.00764526
None0,217.0,253.0,0.00382263
None0,217.0,254.0,0.000764526
None0,217.0,256.0,0.000764526
None0,217.0,258.0,0.006116208
None0,217.0,259.0,0.000764526
None0,217.0,261.0,0.008409786
None0,217.0,262.0,0.001529052
None0,217.0,263.0,0.000764526
None0,217.0,266.0,0.001529052
None0,217.0,269.0,0.000764526
None0,217.0,270.0,0.00382263
None0,217.0,282.0,0.000764526
None0,217.0,286.0,0.009938838
None0,217.0,288.0,0.001529052
None0,217.0,290.0,0.000764526
None0,217.0,291.0,0.00382263
None0,217.0,295.0,0.001529052
None0,217.0,296.0,0.004587156
None0,217.0,299.0,0.001529052
None0,217.0,301.0,0.009174312
None0,217.0,304.0,0.005351682
None0,217.0,305.0,0.002293578
None0,217.0,306.0,0.001529052
None0,217.0,309.0,0.006880734
None0,217.0,310.0,0.01911315
None0,217.0,312.0,0.001529052
None0,217.0,313.0,0.091743119
None0,217.0,314.0,0.050458716
None0,217.0,315.0,0.000764526
None0,217.0,317.0,0.000764526
None0,217.0,319.0,0.016055046
None0,217.0,320.0,0.01146789
None0,217.0,321.0,0.005351682
None0,217.0,322.0,0.000764526
None0,217.0,323.0,0.004587156
None0,217.0,324.0,0.012232416
None0,217.0,325.0,0.006116208
None0,217.0,328.0,0.001529052
None0,217.0,331.0,0.003058104
None0,217.0,332.0,0.017584098
None0,217.0,333.0,0.004587156
None0,217.0,337.0,0.00382263
None0,217.0,338.0,0.002293578
None0,217.0,339.0,0.001529052
None0,217.0,340.0,0.017584098
None0,217.0,341.0,0.00764526
None0,217.0,342.0,0.003058104
None0,217.0,346.0,0.019877676
None0,217.0,347.0,0.016819572
None0,217.0,348.0,0.004587156
None0,217.0,349.0,0.008409786
None0,217.0,356.0,0.00764526
None0,217.0,357.0,0.006116208
None0,217.0,358.0,0.004587156
None0,217.0,359.0,0.009938838
None0,217.0,360.0,0.017584098
None0,217.0,362.0,0.000764526
None0,217.0,364.0,0.001529052
None0,217.0,365.0,0.05351682
None0,217.0,369.0,0.018348624
None0,217.0,371.0,0.00382263
None0,217.0,373.0,0.019877676
None0,217.0,378.0,0.002293578
None0,217.0,379.0,0.001529052
None0,217.0,380.0,0.001529052
None0,217.0,381.0,0.001529052
None0,217.0,382.0,0.000764526
None0,217.0,383.0,0.003058104
None0,217.0,386.0,0.002293578
None0,217.0,387.0,0.000764526
None0,217.0,390.0,0.019877676
None0,217.0,393.0,0.000764526
None0,217.0,394.0,0.028287462
None0,217.0,397.0,0.002293578
None0,217.0,398.0,0.006116208
None0,217.0,403.0,0.01146789
None0,217.0,409.0,0.001529052
None0,217.0,415.0,0.073394495
None0,217.0,420.0,0.001529052
None0,217.0,424.0,0.002293578
None0,217.0,425.0,0.002293578
None0,217.0,429.0,0.002293578
None0,217.0,432.0,0.004587156
None0,217.0,433.0,0.001529052
None0,217.0,436.0,0.000764526
None0,217.0,437.0,0.06116208
None0,217.0,439.0,0.013761468
None0,217.0,440.0,0.001529052
None0,217.0,442.0,0.002293578
None0,217.0,445.0,0.002293578
None0,217.0,446.0,0.000764526
None0,217.0,447.0,0.000764526
None0,217.0,450.0,0.003058104
None0,217.0,451.0,0.001529052
None0,217.0,452.0,0.000764526
None0,217.0,453.0,0.002293578
None0,217.0,454.0,0.018348624
None0,217.0,457.0,0.013761468
None0,217.0,458.0,0.000764526
None0,217.0,459.0,0.028287462
None0,217.0,460.0,0.003058104
None0,217.0,462.0,0.003058104
None0,217.0,463.0,0.001529052
None0,217.0,465.0,0.001529052
None0,217.0,467.0,0.006880734
None0,217.0,468.0,0.000764526
None0,217.0,473.0,0.001529052
None0,217.0,477.0,0.006880734
None0,217.0,478.0,0.00382263
None0,217.0,479.0,0.003058104
None0,217.0,481.0,0.001529052
None0,217.0,482.0,0.009174312
None0,217.0,483.0,0.000764526
None0,217.0,484.0,0.002293578
None0,217.0,486.0,0.001529052
None0,217.0,488.0,0.016819572
None0,217.0,489.0,0.000764526
None0,217.0,495.0,0.009174312
None0,217.0,496.0,0.001529052
None0,217.0,499.0,0.003058104
None0,217.0,501.0,0.000764526
None0,217.0,502.0,0.004587156
None0,217.0,504.0,0.003058104
None0,217.0,505.0,0.032874618
None0,217.0,506.0,0.003058104
None0,217.0,509.0,0.001529052
None0,217.0,512.0,0.001529052
None0,217.0,515.0,0.00382263
None0,217.0,516.0,0.006116208
None0,217.0,523.0,0.000764526
None0,217.0,526.0,0.006880734
None0,217.0,528.0,0.003058104
None0,217.0,531.0,0.031345566
None0,217.0,532.0,0.003058104
None0,217.0,533.0,0.006880734
None0,217.0,538.0,0.003058104
None0,217.0,545.0,0.001529052
None0,217.0,546.0,0.002293578
None0,217.0,552.0,0.001529052
None0,217.0,553.0,0.027522936
None0,217.0,554.0,0.000764526
None0,217.0,557.0,0.002293578
None0,217.0,564.0,0.003058104
None0,217.0,565.0,0.003058104
None0,217.0,568.0,0.003058104
None0,217.0,572.0,0.005351682
None0,217.0,574.0,0.001529052
None0,217.0,575.0,0.005351682
None0,217.0,576.0,0.000764526
None0,217.0,577.0,0.001529052
None0,217.0,578.0,0.001529052
None0,217.0,580.0,0.009938838
None0,217.0,582.0,0.006116208
None0,217.0,585.0,0.000764526
None0,217.0,588.0,0.003058104
None0,217.0,590.0,0.000764526
None0,217.0,596.0,0.001529052
None0,217.0,598.0,0.000764526
None0,217.0,599.0,0.000764526
None0,217.0,604.0,0.001529052
None0,217.0,606.0,0.01146789
None0,217.0,608.0,0.001529052
None0,217.0,609.0,0.000764526
None0,217.0,612.0,0.000764526
None0,217.0,613.0,0.001529052
None0,217.0,616.0,0.001529052
None0,217.0,617.0,0.001529052
None0,217.0,622.0,0.000764526
None0,217.0,624.0,0.00382263
None0,217.0,629.0,0.003058104
None0,217.0,630.0,0.00382263
None0,217.0,631.0,0.00382263
None0,217.0,632.0,0.000764526
None0,217.0,635.0,0.000764526
None0,217.0,637.0,0.01529052
None0,217.0,638.0,0.002293578
None0,217.0,641.0,0.010703364
None0,217.0,645.0,0.001529052
None0,217.0,650.0,0.000764526
None0,217.0,651.0,0.000764526
None0,217.0,654.0,0.000764526
None0,217.0,659.0,0.001529052
None0,217.0,664.0,0.00382263
None0,217.0,665.0,0.002293578
None0,217.0,667.0,0.000764526
None0,217.0,669.0,0.000764526
None0,217.0,670.0,0.002293578
None0,217.0,671.0,0.00764526
None0,217.0,672.0,0.000764526
None0,217.0,673.0,0.001529052
None0,217.0,676.0,0.001529052
None0,217.0,677.0,0.00382263
None0,217.0,681.0,0.006116208
None0,217.0,683.0,0.000764526
None0,217.0,688.0,0.000764526
None0,217.0,689.0,0.000764526
None0,217.0,691.0,0.00382263
None0,217.0,692.0,0.000764526
None0,217.0,693.0,0.000764526
None0,217.0,694.0,0.001529052
None0,217.0,695.0,0.001529052
None0,217.0,696.0,0.002293578
None0,217.0,700.0,0.003058104
None0,217.0,704.0,0.006880734
None0,217.0,715.0,0.000764526
None0,217.0,717.0,0.000764526
None0,217.0,718.0,0.001529052
None0,217.0,720.0,0.000764526
None0,217.0,722.0,0.004587156
None0,217.0,724.0,0.000764526
None0,217.0,725.0,0.000764526
None0,217.0,726.0,0.000764526
None0,217.0,727.0,0.003058104
None0,217.0,728.0,0.002293578
None0,217.0,734.0,0.000764526
None0,217.0,735.0,0.000764526
None0,217.0,738.0,0.000764526
None0,217.0,739.0,0.002293578
None0,217.0,747.0,0.003058104
None0,217.0,751.0,0.00382263
None0,217.0,754.0,0.001529052
None0,217.0,762.0,0.001529052
None0,217.0,763.0,0.000764526
None0,217.0,766.0,0.001529052
None0,217.0,767.0,0.001529052
None0,217.0,769.0,0.001529052
None0,217.0,770.0,0.003058104
None0,217.0,774.0,0.000764526
None0,217.0,780.0,0.000764526
None0,217.0,781.0,0.001529052
None0,217.0,782.0,0.001529052
None0,217.0,784.0,0.000764526
None0,217.0,785.0,0.000764526
None0,217.0,787.0,0.000764526
None0,217.0,789.0,0.000764526
None0,217.0,792.0,0.00764526
None0,217.0,793.0,0.000764526
None0,217.0,794.0,0.001529052
None0,217.0,795.0,0.000764526
None0,217.0,796.0,0.001529052
None0,217.0,800.0,0.000764526
None0,217.0,802.0,0.000764526
None0,217.0,804.0,0.001529052
None0,217.0,805.0,0.009174312
None0,217.0,807.0,0.03058104
None0,217.0,812.0,0.068042813
None0,217.0,816.0,0.001529052
None0,217.0,817.0,0.001529052
None0,217.0,818.0,0.000764526
None0,217.0,820.0,0.000764526
None0,217.0,823.0,0.002293578
None0,217.0,825.0,0.001529052
None0,217.0,827.0,0.018348624
None0,217.0,837.0,0.001529052
None0,217.0,839.0,0.008409786
None0,217.0,843.0,0.000764526
None0,217.0,847.0,0.00382263
None0,217.0,848.0,0.025229358
None0,217.0,852.0,0.000764526
None0,217.0,855.0,0.000764526
None0,217.0,857.0,0.044342508
None0,217.0,858.0,0.002293578
None0,217.0,860.0,0.001529052
None0,217.0,861.0,0.000764526
None0,217.0,862.0,0.001529052
None0,217.0,863.0,0.008409786
None0,217.0,864.0,0.001529052
None0,217.0,867.0,0.00382263
None0,217.0,868.0,0.000764526
None0,217.0,869.0,0.000764526
None0,217.0,870.0,0.047400612
None0,217.0,877.0,0.000764526
None0,217.0,888.0,0.000764526
None0,217.0,894.0,0.001529052
None0,217.0,897.0,0.000764526
None0,217.0,898.0,0.001529052
None0,217.0,902.0,0.000764526
None0,217.0,904.0,0.000764526
None0,217.0,907.0,0.000764526
None0,217.0,908.0,0.000764526
None0,217.0,911.0,0.006116208
None0,217.0,913.0,0.000764526
None0,217.0,918.0,0.000764526
None0,217.0,922.0,0.000764526
None0,217.0,923.0,0.002293578
None0,217.0,924.0,0.000764526
None0,217.0,925.0,0.000764526
None0,217.0,934.0,0.001529052
None0,217.0,935.0,0.000764526
None0,217.0,940.0,0.003058104
None0,217.0,941.0,0.003058104
None0,217.0,943.0,0.001529052
None0,217.0,945.0,0.001529052
None0,217.0,948.0,0.001529052
None0,217.0,949.0,0.000764526
None0,217.0,952.0,0.075688073
None0,217.0,953.0,0.002293578
None0,217.0,954.0,0.003058104
None0,217.0,956.0,0.001529052
None0,217.0,957.0,0.020642202
None0,217.0,959.0,0.000764526
None0,217.0,964.0,0.00382263
None0,217.0,966.0,0.00382263
None0,217.0,969.0,0.005351682
None0,217.0,970.0,0.000764526
None0,217.0,975.0,0.001529052
None0,217.0,976.0,0.000764526
None0,217.0,978.0,0.000764526
None0,217.0,981.0,0.000764526
None0,217.0,982.0,0.002293578
None0,217.0,983.0,0.000764526
None0,217.0,986.0,0.00382263
None0,217.0,988.0,0.003058104
None0,217.0,989.0,0.001529052
None0,217.0,990.0,0.003058104
None0,217.0,994.0,0.000764526
None0,217.0,997.0,0.000764526
None0,217.0,999.0,0.002293578
None0,217.0,1002.0,0.000764526
None0,217.0,1003.0,0.001529052
None0,217.0,1004.0,0.005351682
None0,217.0,1007.0,0.001529052
None0,217.0,1008.0,0.005351682
None0,217.0,1009.0,0.000764526
None0,217.0,1010.0,0.001529052
None0,217.0,1015.0,0.01146789
None0,217.0,1017.0,0.00382263
None0,217.0,1018.0,0.001529052
None0,217.0,1019.0,0.000764526
None0,217.0,1020.0,0.000764526
None0,217.0,1024.0,0.000764526
None0,217.0,1025.0,0.008409786
None0,217.0,1027.0,0.006116208
None0,217.0,1029.0,0.012996942
None0,217.0,1030.0,0.001529052
None0,217.0,1038.0,0.001529052
None0,217.0,1041.0,0.002293578
None0,217.0,1043.0,0.004587156
None0,217.0,1045.0,0.001529052
None0,217.0,1046.0,0.058868502
None0,217.0,1047.0,0.000764526
None0,217.0,1053.0,0.010703364
None0,217.0,1054.0,0.001529052
None0,217.0,1056.0,0.000764526
None0,217.0,1058.0,0.002293578
None0,217.0,1059.0,0.006880734
None0,217.0,1060.0,0.001529052
None0,217.0,1061.0,0.001529052
None0,217.0,1064.0,0.002293578
None0,217.0,1068.0,0.035168196
None0,217.0,1070.0,0.008409786
None0,217.0,1072.0,0.004587156
None0,217.0,1074.0,0.010703364
None0,217.0,1075.0,0.003058104
None0,217.0,1076.0,0.000764526
None0,217.0,1078.0,0.001529052
None0,217.0,1083.0,0.006116208
None0,217.0,1084.0,0.006880734
None0,217.0,1090.0,0.006880734
None0,217.0,1092.0,0.002293578
None0,217.0,1093.0,0.001529052
None0,217.0,1094.0,0.000764526
None0,217.0,1095.0,0.00382263
None0,217.0,1096.0,0.002293578
None0,217.0,1099.0,0.000764526
None0,217.0,1104.0,0.002293578
None0,217.0,1105.0,0.000764526
None0,217.0,1107.0,0.000764526
None0,217.0,1109.0,0.000764526
None0,217.0,1112.0,0.000764526
None0,217.0,1115.0,0.001529052
None0,217.0,1117.0,0.01146789
None0,217.0,1118.0,0.00764526
None0,217.0,1120.0,0.000764526
None0,217.0,1124.0,0.001529052
None0,217.0,1125.0,0.000764526
None0,217.0,1126.0,0.000764526
None0,217.0,1127.0,0.003058104
None0,217.0,1130.0,0.00382263
None0,217.0,1134.0,0.001529052
None0,217.0,1140.0,0.002293578
None0,217.0,1141.0,0.005351682
None0,217.0,1143.0,0.005351682
None0,217.0,1144.0,0.003058104
None0,217.0,1145.0,0.003058104
None0,217.0,1146.0,0.001529052
None0,217.0,1147.0,0.000764526
None0,217.0,1150.0,0.000764526
None0,217.0,1151.0,0.000764526
None0,217.0,1153.0,0.000764526
None0,217.0,1158.0,0.00382263
None0,217.0,1159.0,0.00382263
None0,217.0,1160.0,0.010703364
None0,217.0,1162.0,0.004587156
None0,217.0,1163.0,0.001529052
None0,217.0,1165.0,0.01529052
None0,217.0,1168.0,0.000764526
None0,217.0,1169.0,0.000764526
None0,217.0,1172.0,0.000764526
None0,217.0,1177.0,0.003058104
None0,217.0,1181.0,0.001529052
None0,217.0,1187.0,0.000764526
None0,217.0,1191.0,0.001529052
None0,217.0,1197.0,0.001529052
None0,217.0,1200.0,0.001529052
None0,217.0,1201.0,0.00382263
None0,217.0,1202.0,0.000764526
None0,217.0,1203.0,0.00764526
None0,217.0,1204.0,0.000764526
None0,217.0,1205.0,0.002293578
None0,217.0,1211.0,0.01529052
None0,217.0,1213.0,0.000764526
None0,217.0,1214.0,0.013761468
None0,217.0,1215.0,0.001529052
None0,217.0,1216.0,0.001529052
None0,217.0,1217.0,0.000764526
None0,217.0,1220.0,0.001529052
None0,217.0,1225.0,0.005351682
None0,217.0,1228.0,0.000764526
None0,217.0,1231.0,0.001529052
None0,217.0,1237.0,0.00382263
None0,217.0,1238.0,0.000764526
None0,217.0,1241.0,0.001529052
None0,217.0,1243.0,0.001529052
None0,217.0,1245.0,0.000764526
None0,217.0,1246.0,0.001529052
None0,217.0,1247.0,0.002293578
None0,217.0,1251.0,0.004587156
None0,217.0,1252.0,0.002293578
None0,217.0,1257.0,0.004587156
None0,217.0,1258.0,0.001529052
None0,217.0,1265.0,0.001529052
None0,217.0,1267.0,0.000764526
None0,217.0,1274.0,0.02293578
None0,217.0,1275.0,0.00764526
None0,217.0,1278.0,0.000764526
None0,217.0,1280.0,0.000764526
None0,217.0,1282.0,0.000764526
None0,217.0,1283.0,0.009174312
None0,217.0,1284.0,0.001529052
None0,217.0,1285.0,0.001529052
None0,217.0,1286.0,0.000764526
None0,217.0,1287.0,0.000764526
None0,217.0,1291.0,0.001529052
None0,217.0,1296.0,0.000764526
None0,217.0,1305.0,0.001529052
None0,217.0,1307.0,0.000764526
None0,217.0,1309.0,0.004587156
None0,217.0,1310.0,0.001529052
None0,217.0,1316.0,0.000764526
None0,217.0,1318.0,0.002293578
None0,217.0,1321.0,0.000764526
None0,217.0,1327.0,0.000764526
None0,217.0,1328.0,0.000764526
None0,217.0,1330.0,0.000764526
None0,217.0,1333.0,0.001529052
None0,217.0,1335.0,0.000764526
None0,217.0,1340.0,0.002293578
None0,217.0,1341.0,0.000764526
None0,217.0,1344.0,0.01529052
None0,217.0,1346.0,0.000764526
None0,217.0,1349.0,0.002293578
None0,217.0,1350.0,0.000764526
None0,217.0,1352.0,0.000764526
None0,217.0,1353.0,0.006880734
None0,217.0,1354.0,0.000764526
None0,217.0,1355.0,0.000764526
None0,217.0,1357.0,0.000764526
None0,217.0,1358.0,0.01146789
None0,217.0,1360.0,0.009938838
None0,217.0,1364.0,0.000764526
None0,217.0,1367.0,0.001529052
None0,217.0,1372.0,0.002293578
None0,217.0,1373.0,0.01529052
None0,217.0,1375.0,0.001529052
None0,217.0,1377.0,0.000764526
None0,217.0,1379.0,0.000764526
None0,217.0,1380.0,0.000764526
None0,217.0,1383.0,0.000764526
None0,217.0,1384.0,0.002293578
None0,217.0,1386.0,0.004587156
None0,217.0,1387.0,0.000764526
None0,217.0,1389.0,0.000764526
None0,217.0,1392.0,0.005351682
None0,217.0,1395.0,0.001529052
None0,217.0,1396.0,0.000764526
None0,217.0,1401.0,0.009174312
None0,217.0,1402.0,0.002293578
None0,217.0,1403.0,0.000764526
None0,217.0,1404.0,0.002293578
None0,217.0,1406.0,0.000764526
None0,217.0,1408.0,0.001529052
None0,217.0,1413.0,0.000764526
None0,217.0,1414.0,0.00764526
None0,217.0,1415.0,0.000764526
None0,217.0,1416.0,0.005351682
None0,217.0,1418.0,0.00764526
None0,217.0,1423.0,0.016055046
None0,217.0,1425.0,0.000764526
None0,217.0,1427.0,0.000764526
None0,217.0,1429.0,0.00382263
None0,217.0,1431.0,0.002293578
None0,217.0,1434.0,0.00764526
None0,217.0,1435.0,0.004587156
None0,217.0,1436.0,0.009174312
None0,217.0,1437.0,0.00382263
None0,217.0,1444.0,0.003058104
None0,217.0,1451.0,0.000764526
None0,217.0,1454.0,0.002293578
None0,217.0,1455.0,0.000764526
None0,217.0,1456.0,0.000764526
None0,217.0,1457.0,0.000764526
None0,217.0,1459.0,0.000764526
None0,217.0,1460.0,0.000764526
None0,217.0,1462.0,0.006116208
None0,217.0,1465.0,0.000764526
None0,217.0,1466.0,0.000764526
None0,217.0,1468.0,0.000764526
None0,217.0,1472.0,0.003058104
None0,217.0,1475.0,0.00382263
None0,217.0,1479.0,0.000764526
None0,217.0,1483.0,0.023700306
None0,217.0,1486.0,0.000764526
None0,217.0,1487.0,0.000764526
None0,217.0,1492.0,0.002293578
None0,217.0,1493.0,0.000764526
None0,217.0,1496.0,0.000764526
None0,217.0,1497.0,0.00764526
None0,217.0,1498.0,0.002293578
None0,217.0,1502.0,0.001529052
None0,217.0,1503.0,0.002293578
None0,217.0,1512.0,0.000764526
None0,217.0,1514.0,0.008409786
None0,217.0,1519.0,0.020642202
None0,217.0,1520.0,0.002293578
None0,217.0,1522.0,0.004587156
None0,217.0,1523.0,0.009174312
None0,217.0,1540.0,0.008409786
None0,217.0,1541.0,0.000764526
None0,217.0,1542.0,0.001529052
None0,217.0,1545.0,0.01529052
None0,217.0,1547.0,0.000764526
None0,217.0,1551.0,0.001529052
None0,217.0,1553.0,0.001529052
None0,217.0,1555.0,0.001529052
None0,217.0,1557.0,0.000764526
None0,217.0,1558.0,0.000764526
None0,217.0,1559.0,0.040519878
None0,217.0,1561.0,0.003058104
None0,217.0,1563.0,0.000764526
None0,217.0,1565.0,0.001529052
None0,217.0,1566.0,0.000764526
None0,217.0,1568.0,0.003058104
None0,217.0,1570.0,0.005351682
None0,217.0,1571.0,0.002293578
None0,217.0,1572.0,0.00382263
None0,217.0,1573.0,0.000764526
None0,217.0,1574.0,0.001529052
None0,217.0,1580.0,0.002293578
None0,217.0,1586.0,0.006116208
None0,217.0,1589.0,0.000764526
None0,217.0,1591.0,0.003058104
None0,217.0,1593.0,0.003058104
None0,217.0,1597.0,0.01146789
None0,217.0,1599.0,0.002293578
None0,217.0,1604.0,0.002293578
None0,217.0,1605.0,0.003058104
None0,217.0,1614.0,0.000764526
None0,217.0,1615.0,0.000764526
None0,217.0,1617.0,0.000764526
None0,217.0,1622.0,0.000764526
None0,217.0,1626.0,0.000764526
None0,217.0,1628.0,0.00764526
None0,217.0,1631.0,0.001529052
None0,217.0,1633.0,0.002293578
None0,217.0,1634.0,0.000764526
None0,217.0,1638.0,0.002293578
None0,217.0,1644.0,0.000764526
None0,217.0,1648.0,0.001529052
None0,217.0,1651.0,0.001529052
None0,217.0,1654.0,0.000764526
None0,217.0,1655.0,0.000764526
None0,217.0,1656.0,0.004587156
None0,217.0,1662.0,0.000764526
None0,217.0,1664.0,0.001529052
None0,217.0,1676.0,0.001529052
None0,217.0,1682.0,0.001529052
None0,217.0,1685.0,0.002293578
None0,217.0,1689.0,0.000764526
None0,217.0,1691.0,0.00382263
None0,217.0,1693.0,0.000764526
None0,217.0,1697.0,0.000764526
None0,217.0,1698.0,0.002293578
None0,217.0,1702.0,0.03058104
None0,217.0,1704.0,0.000764526
None0,217.0,1706.0,0.002293578
None0,217.0,1710.0,0.003058104
None0,217.0,1712.0,0.00382263
None0,217.0,1716.0,0.006116208
None0,217.0,1717.0,0.000764526
None0,217.0,1719.0,0.000764526
None0,217.0,1721.0,0.000764526
None0,217.0,1724.0,0.000764526
None0,217.0,1728.0,0.000764526
None0,217.0,1730.0,0.000764526
None0,217.0,1731.0,0.000764526
None0,217.0,1735.0,0.003058104
None0,217.0,1737.0,0.00382263
None0,217.0,1739.0,0.00382263
None0,217.0,1740.0,0.001529052
None0,217.0,1744.0,0.01911315
None0,217.0,1749.0,0.03058104
None0,217.0,1750.0,0.000764526
None0,217.0,1751.0,0.00382263
None0,217.0,1755.0,0.00382263
None0,217.0,1756.0,0.006116208
None0,217.0,1758.0,0.003058104
None0,217.0,1762.0,0.002293578
None0,217.0,1764.0,0.001529052
None0,217.0,1765.0,0.000764526
None0,217.0,1770.0,0.000764526
None0,217.0,1775.0,0.004587156
None0,217.0,1776.0,0.005351682
None0,217.0,1779.0,0.055045872
None0,217.0,1783.0,0.006880734
None0,217.0,1784.0,0.009174312
None0,217.0,1786.0,0.01146789
None0,217.0,1793.0,0.005351682
None0,217.0,1797.0,0.008409786
None0,217.0,1799.0,0.000764526
None0,217.0,1802.0,0.001529052
None0,217.0,1805.0,0.001529052
None0,217.0,1807.0,0.001529052
None0,217.0,1812.0,0.02675841
None0,217.0,1813.0,0.000764526
None0,217.0,1814.0,0.001529052
None0,217.0,1817.0,0.000764526
None0,217.0,1818.0,0.00382263
None0,217.0,1820.0,0.000764526
None0,217.0,1821.0,0.000764526
None0,217.0,1822.0,0.000764526
None0,217.0,1825.0,0.000764526
None0,217.0,1827.0,0.001529052
None0,217.0,1833.0,0.000764526
None0,217.0,1834.0,0.000764526
None0,217.0,1836.0,0.000764526
None0,217.0,1842.0,0.001529052
None0,217.0,1844.0,0.000764526
None0,217.0,1846.0,0.005351682
None0,217.0,1850.0,0.000764526
None0,217.0,1853.0,0.002293578
None0,217.0,1855.0,0.001529052
None0,217.0,1860.0,0.002293578
None0,217.0,1861.0,0.001529052
None0,217.0,1868.0,0.000764526
None0,217.0,1871.0,0.006116208
None0,217.0,1874.0,0.001529052
None0,217.0,1879.0,0.001529052
None0,217.0,1882.0,0.000764526
None0,217.0,1884.0,0.002293578
None0,217.0,1888.0,0.002293578
None0,217.0,1890.0,0.005351682
None0,217.0,1894.0,0.000764526
None0,217.0,1895.0,0.000764526
None0,217.0,1896.0,0.000764526
None0,217.0,1899.0,0.012232416
None0,217.0,1901.0,0.016055046
None0,217.0,1909.0,0.000764526
None0,217.0,1920.0,0.000764526
None0,217.0,1922.0,0.000764526
None0,217.0,1924.0,0.000764526
None0,217.0,1925.0,0.000764526
None0,217.0,1926.0,0.000764526
None0,217.0,1928.0,0.001529052
None0,217.0,1935.0,0.000764526
None0,217.0,1942.0,0.001529052
None0,217.0,1943.0,0.002293578
None0,217.0,1944.0,0.012996942
None0,217.0,1946.0,0.000764526
None0,217.0,1947.0,0.000764526
None0,217.0,1948.0,0.002293578
None0,217.0,1949.0,0.000764526
None0,217.0,1952.0,0.000764526
None0,217.0,1953.0,0.000764526
None0,217.0,1955.0,0.005351682
None0,217.0,1957.0,0.003058104
None0,217.0,1958.0,0.000764526
None0,217.0,1959.0,0.024464832
None0,217.0,1960.0,0.000764526
None0,217.0,1961.0,0.001529052
None0,217.0,1963.0,0.000764526
None0,217.0,1964.0,0.004587156
None0,217.0,1966.0,0.005351682
None0,217.0,1967.0,0.002293578
None0,217.0,1971.0,0.000764526
None0,217.0,1972.0,0.001529052
None0,217.0,1973.0,0.002293578
None0,217.0,1975.0,0.000764526
None0,217.0,1976.0,0.000764526
None0,217.0,1977.0,0.02675841
None0,217.0,1983.0,0.001529052
None0,217.0,1990.0,0.000764526
None0,217.0,1991.0,0.001529052
None0,217.0,1995.0,0.000764526
None0,217.0,1998.0,0.001529052
None0,217.0,1999.0,0.001529052
None