id,brand,x,y
1,Amazon_Kindle,-7.893566313,20.539603
2,NESCAF_,42.76697912,-2.726846755
3,Nokia,40.52341274,-1.132194998
4,McDonald_s,-1.067203098,10.4411771
5,T_Mobile,-0.225415506,-37.50930821
6,Amazon_com,-7.204696043,2.961376685
7,Delta,22.36418701,28.49243089
8,NVIDIA,0.020874899,-41.62244666
9,Maybelline_New_York,5.417823606,30.31138874
10,Pepsi,-2.483445037,-1.177481218
11,Coca_Cola,1.535775694,-2.364509603
12,Capital_One,-6.491762774,4.666510978
13,American_Express,21.20042934,28.37619119
14,Mercedes_Benz_USA,8.983084069,-2.593554294
15,BMW_USA,9.000318117,-2.61611905
16,MetLife,-6.432153289,4.656067024
17,SingTel,1.218916491,-39.54907169
18,Intel,0.051577191,-41.522717
19,MasterCard,-4.323142079,-0.308093344
20,Visa_Signature,-2.978978192,1.092924306
21,L_Oreal_Paris_USA,5.779191067,30.38444964
22,Coca_Cola_Zero,-0.22231027,-5.702049454
23,Starbucks,-5.638018006,20.4667398
24,Tide,-9.406022595,29.55902263
25,Burger_King,2.247889842,-2.985608775
26,Wendy_s,-10.09895862,34.52908931
27,Mercedes_Benz,10.99535213,-0.863179725
28,Subway,0.345029623,12.27174568
29,United,23.01589176,28.96314313
30,Bing,-0.265920604,-37.50423536
31,Windows_Phone,-0.605526738,-39.81142922
32,Xbox,13.87340338,-30.63986838
33,Barack_Obama,-6.759987272,-21.21386063
34,Mitt_Romney,-27.53539418,-17.30704815
35,Atlanta_Braves,-26.28658506,5.32380534
36,Los_Angeles_Angels_of_Anaheim,-0.016544424,-13.35019645
37,Houston_Astros,-35.28179672,-3.141607534
38,Oakland_Athletics,-0.355264179,-13.52708786
39,Toronto_Blue_Jays,-17.37233349,-0.602307217
40,Milwaukee_Brewers,-27.86524388,-4.821067569
41,St_Louis_Cardinals,-7.579927099,10.07024454
42,Chicago_Cubs,0.768463756,22.09987055
43,Groupon,-7.071818401,5.081979687
44,Los_Angeles_Dodgers,1.062758232,-13.61602835
45,Cisco_Networking_Academy,0.888698487,-39.87857773
46,Cleveland_Indians,-21.37113019,11.59683182
47,Seattle_Mariners,3.381768525,9.416672635
48,Miami_Marlins,-18.14660692,-0.989204218
49,New_York_Mets,-15.48437281,6.756040181
50,Washington_Nationals,-13.00686776,11.24240391
51,Baltimore_Orioles,-12.58632789,11.60434709
52,San_Diego_Padres,-0.069535706,-13.27549775
53,Philadelphia_Phillies,-15.27550063,14.8182981
54,Pittsburgh_Pirates,-16.13411822,12.39520354
55,Texas_Rangers,-35.28616869,-3.075807023
56,Tampa_Bay_Rays,-18.41325267,-1.060163433
57,Cincinnati_Reds,-24.69375109,12.0007462
58,Boston_Red_Sox,5.863537998,0.516193555
59,Colorado_Rockies,-13.91050865,-2.067699377
60,Kansas_City_Royals,-7.92562871,9.908869851
61,Detroit_Tigers,-11.85462686,2.82869034
62,Minnesota_Twins,-28.03981273,-4.923881372
63,Chicago_White_Sox,0.718768331,22.17350974
64,New_York_Yankees,-15.44463748,6.750687943
65,Bulgari,11.09674926,27.08893268
66,CHANEL,11.66160116,27.85885901
67,Clarins,2.793322716,31.37505767
68,Clinique,4.756147824,29.90250025
69,DKNY,11.23111368,26.99534031
70,Dolce_Gabbana,11.94156418,26.83631201
71,Zegna,11.74192728,26.40044246
72,Gucci,11.88220634,27.39859412
73,HUGO_BOSS,11.92082397,26.10157213
74,Lanc_me_US,5.871591191,29.98088947
75,Marc_Jacobs_Intl,10.97795364,27.17224318
76,Ferrari,11.16536781,-1.071452394
77,Ralph_Lauren,10.67681425,26.80082718
78,Sephora,5.434636412,31.83321076
79,The_Official_Shiseido_USA_Page,5.381555647,29.87040167
80,The_Body_Shop_USA,4.29144214,30.25534731
81,Michele_Bachmann,-27.51505985,-17.66223487
82,Arizona_Athletics,-14.37994104,2.861312277
83,University_of_Arkansas_at_Little_Rock,-3.691818115,-20.39102433
84,BYU_Cougar_Basketball,-15.65718187,3.690919712
85,University_of_Cincinnati_Bearcats,-24.68957674,11.63248735
86,Clemson_Athletics,-26.85116826,4.169277642
87,UConn_Huskies,-13.93103977,7.565059588
88,Duke_Blue_Devils_Athletics,-13.18075913,8.916567574
89,Florida_Gators,-19.52002465,-0.868309847
90,Florida_State_Seminoles,-19.53414319,-0.85328245
91,Georgia_Bulldogs,-27.10542888,4.382194612
92,Gonzaga_Bulldogs_Official_Site,2.427235127,9.20220541
93,Fighting_Illini_Basketball,1.670574117,22.59396189
94,Indiana_State_Sycamores,-9.309894536,8.868258951
95,University_of_Kansas_Athletics_Home_of_the_Jayhawks_,-8.636130553,8.958146151
96,Kentucky_Wildcats,-24.92697947,10.50579057
97,Louisville_Cardinals,-9.260756254,8.614195229
98,Marquette_Golden_Eagles_Official_Site,-27.24479816,-4.857634794
99,University_of_Memphis,-26.35264579,2.254617455
100,Michigan_Basketball,-12.0155978,3.005234661
101,Michigan_State_Spartans,-11.85874398,2.844705012
102,North_Carolina_Tar_Heels,-22.22678815,-1.288797695
103,Notre_Dame_Athletics,-9.445263595,6.565076956
104,Ohio_State_Buckeyes,-22.09216921,11.63183315
105,Old_Dominion_University_Athletics,-13.57265208,9.901879656
106,Penn_State_Nittany_Lions,-15.57724186,13.30738426
107,Pitt_Panthers,-15.97145993,12.51647945
108,Purdue_Athletics,-9.624355172,8.699970187
109,St_John_s_Red_Storm,-15.06452413,6.535307074
110,San_Diego_State_University_Athletics,-0.5570825,-12.48707523
111,Syracuse_Orange,-15.03221684,6.742026305
112,Tennessee_Volunteers_Athletics,-28.56207579,1.728586514
113,Texas_Longhorns,-35.41749068,-3.707759714
114,Aggie_Athletics,-35.5742604,-3.66710363
115,UCLA_Athletics,0.866258424,-12.30441174
116,USC_Trojans_Official_Page,0.525303431,-12.4090881
117,Tim_Pawlenty,-26.78863476,-17.606137
118,Vanderbilt_University_Athletics,-28.46089646,1.465504067
119,VCU_Athletics,-13.12019191,9.600927153
120,Washington_Huskies_Athletics,3.26347026,9.451365652
121,West_Virginia_University,-13.36533333,9.970568791
122,Wisconsin_Badgers,-27.71903631,-4.820172874
123,Harvard_University,-5.343789748,-12.30010352
124,Massachusetts_Institute_of_Technology_MIT_,-5.299579004,-12.28649088
125,Northwestern_University,0.517084429,19.87877225
126,Princeton_University,-5.006608622,-11.69062161
127,Stanford_University,-5.274667552,-12.18283442
128,The_Ohio_State_University,-21.73068052,11.62930444
129,University_of_Virginia,-13.92589516,-13.70345599
130,University_of_Wisconsin_Madison,-27.50626556,-4.909251493
131,30_Rock,4.992000621,-24.34515725
132,50_Cent,14.67894093,5.011786357
133,adidas,22.15430663,5.391684731
134,Air_Canada,23.47750931,26.88114965
135,Air_France,22.80915862,25.73358434
136,AMD,-0.031141836,-41.52954794
137,American_Airlines,23.04385397,28.47720576
138,American_Idol,-15.76803698,-24.21227268
139,Anderson_Cooper_360,-8.089003445,-18.01415251
140,Arizona_Cardinals,-16.89936685,2.892402216
141,Arsenal,25.87532323,11.28823104
142,Atlanta_Hawks,-24.68924254,5.10754685
143,Austrian_Airlines,23.26906883,25.54547678
144,Baltimore_Ravens,-12.17566344,11.98474527
145,BBC_America,-3.82663872,-23.96641402
146,Bergdorf_Goodman,8.00757319,28.57202548
147,Best_Buy,-5.118527178,-3.204612228
148,Best_Western,-4.840982121,29.19353684
149,Beyonc_,18.72163845,5.214200975
150,Big_Time_Rush,24.37926233,-9.113699432
151,Black_Eyed_Peas,23.38532529,1.443619069
152,Blake_Griffin,-19.34441316,5.356417199
153,Bloomingdale_s,7.431069415,29.00731358
154,Bones,-17.05947634,-26.73683629
155,Boston_Celtics,-21.90287568,2.811566035
156,Britney_Spears,20.77463239,1.972762282
157,Buffalo_Bills,-14.00300827,-12.8139679
158,Carolina_Panthers,-22.12534147,-1.249398162
159,Castle,-16.46448351,-26.72060253
160,Cathay_Pacific_Airways_,23.36513621,25.94282052
161,Charlotte_Bobcats,-22.17923192,-0.86851765
162,Chase,-16.21296031,-26.46473366
163,Newt_Gingrich,-26.94690326,-17.25771123
164,Microsoft_Developer,-0.754288694,-39.45504227
165,Allstate_Insurance,-7.607455205,-3.444540572
166,Ball_Park_Franks,-12.23770595,33.39073758
167,Brunswick_Billiards,-10.25348604,-4.708385184
168,Brunswick_Zone_Bowling,-5.185836007,27.7925311
169,Chelsea_Football_Club,25.99511913,11.02366909
170,Chicago_Bears,0.630465033,22.67110716
171,Chicago_Bulls,-1.122069307,22.65319166
172,Chris_Brown,18.42215843,5.266252573
173,Cincinnati_Bengals,-24.81519593,11.73231521
174,Circuit_City,-5.280910456,-3.758511186
175,Cisco,0.828266669,-39.86586068
176,Citro_n,11.45071665,-2.523579237
177,Cleveland_Cavaliers,-20.8728161,9.458993567
178,CNN_International,-6.060322394,-18.07263706
179,CNN_iReport,-7.863611212,-17.81487995
180,Community,5.282495875,-24.91570369
181,Converse,17.27125545,-9.966595095
182,Costco,-1.084269535,11.01428241
183,Cost_Plus_World_Market,-6.11399541,19.0214735
184,Craftsman,-19.25221267,-10.48079754
185,Criminal_Minds,-17.09933893,-26.68497682
186,Cristiano_Ronaldo,27.96938756,11.48608872
187,Kelly_Clarkson,22.68711994,1.527978992
188,Dallas_Mavericks,-33.78986366,-3.383986176
189,Dancing_with_the_Stars,-15.70426698,-24.20102921
190,David_Beckham,27.8236884,11.5229775
191,Dell,0.768071738,-38.13532973
192,Denver_Broncos,-13.8386708,-2.03850732
193,Denver_Nuggets,-14.63089749,-1.743021127
194,Deron_Williams,-16.02059817,3.83904125
195,Derrick_Rose,-1.235751549,22.68900925
196,Sarah_Palin,-27.97654148,-16.96787058
197,Detroit_Lions,-11.97511771,2.907994748
198,DeVry_University,1.389058088,20.15598975
199,Dexter,3.849056241,-25.68683029
200,Dillard_s_Inc_,4.913589362,29.4895018
201,Discover,-3.061570704,2.849996257
202,Dwight_Howard,-22.08375918,6.012502728
203,Dwyane_Wade,-21.01075599,5.506044884
204,EasyJet,23.29447765,25.22269218
205,eBay,-3.210613705,0.927127467
206,Facebook,1.478241804,-37.63829499
207,Eminem,14.93887538,4.936339409
208,Equity_LifeStyle_Properties,-8.35461623,-23.85647251
209,Everton_Football_Club,25.61448363,12.2206651
210,FC_Barcelona,27.79344031,10.6368091
211,Federal_Signal_First_Responder_Systems,-19.17386858,-7.328792871
212,ForbesWoman,-6.930646377,-19.83378932
213,Sahara_Force_India_Formula_One_Team,39.81167352,-3.159489774
214,Gap,4.253723946,27.28273869
215,Get_Olympus,-0.554978064,-37.31799237
216,Glee,23.07014835,-5.518549754
217,Golden_State_Warriors,-19.52941977,2.626750137
218,Google,1.501519457,-39.56862484
219,Green_Bay_Packers_Superbowl_XLV_2011,-27.27344752,-4.936263143
220,Grey_s_Anatomy,-16.52524733,-26.46961241
221,Hillshire_Farm,-11.32136061,33.2210674
222,Hilton_Garden_Inn,20.68206257,29.70003334
223,Hilton_Hotels_Resorts,22.16041694,28.04154872
224,Horace_Mann,-10.81459438,21.49444254
225,House,-15.79109164,-26.72290224
226,Houston_Rockets,-33.77242476,-3.387940087
227,How_I_Met_Your_Mother,6.172458518,-27.41034313
228,IKEA_USA,-1.225066197,11.07554299
229,Indiana_Pacers,-10.60630851,9.179933677
230,ABC_7_Chicago,-0.001005492,20.34958867
231,ESPN,-12.13010105,6.674926306
232,Fox_News,-28.3530255,-16.76240333
233,Garmin,-4.299256408,13.39579732
234,John_Deere,-20.83909158,-10.65606064
235,Kraft_Foods_Recipes_and_Tips,-11.13340004,30.71828911
236,Kraft_Macaroni_Cheese,-11.3764962,33.7126257
237,Motorola,-0.364992426,-38.59974114
238,NAVTEQ,-3.323755828,-38.48885939
239,NBC,-7.679474235,-15.95057661
240,NPR,-6.002993819,-25.17911709
241,American_Family_Insurance,-8.215565357,30.36205294
242,Breakstone_s,-12.15091028,33.00356893
243,Chips_Ahoy_,-1.96565149,5.189975696
244,Crystal_Light,-12.17603582,35.2126194
245,Dentyne,-1.426560977,8.204194259
246,GEICO,-3.962225425,1.436808248
247,Gevalia_Coffee,-3.97555885,2.043295539
248,Green_Black_s,-6.699002796,16.63174412
249,Green_Black_s_USA,-6.166007743,16.84106028
250,HALLS,-8.952451488,31.49497872
251,JELL_O,-11.0808896,33.36059339
252,Kool_Aid,-1.043210537,11.00718458
253,Kraft_Dinner,2.487337497,-5.312571733
254,Liberty_Mutual_Insurance,-4.387478574,-1.360676452
255,Lunchables,-10.92809031,33.52313624
256,MapQuest,-5.154385885,28.0508482
257,Maxwell_House,-3.909801439,4.530621502
258,Miracle_Whip,-12.21210749,33.63912865
259,Mr_Peanut,-0.081036403,11.44049941
260,SnackWell_s,-11.97622239,31.6646748
261,NAVIGON,-1.570079421,-40.02600695
262,Philadelphia_Cream_Cheese,-12.11978238,33.5073002
263,Ritz_Crackers,-11.37108951,33.84741752
264,State_Farm,-5.153737143,28.05903675
265,Stove_Top_Stuffing,-12.54598359,35.1941722
266,Telenav,-4.377208156,28.61195164
267,Toblerone,6.894145358,2.885706661
268,TomTom,-0.221288908,-37.920891
269,TomTom_USA,-4.429276603,7.92542335
270,Trident_Chewing_Gum,19.50684081,-7.586395464
271,Triscuit,-12.69401018,34.83372468
272,USAA,-7.858256909,1.629149659
273,VELVEETA,-12.71133334,34.5355975
274,Wheat_Thins,-11.3223068,33.89577844
275,Tootsie_Rolls,-3.2333995,1.459928833
276,U_S_Cellular,-3.567422408,-6.426457723
277,LA_Lakers,-1.241022037,-10.37902852
278,Walgreens,-12.34493454,31.03547026
279,InterContinental_Hotels_Resorts,22.75080099,26.41987535
280,Jacksonville_Jaguars,-19.46985359,-0.865534352
281,jcpenney,-12.84236807,30.48764212
282,Jennifer_Lopez,21.15205584,3.040721636
283,Jersey_Shore,6.495216681,13.49972952
284,Memphis_Grizzlies,-20.64132976,4.565800876
285,Jimmy_Dean_Sausage,-12.39046313,33.67872328
286,Brooklyn_Nets,-17.76985136,4.828846182
287,Jordan,-18.99983114,5.971704144
288,Justin_Bieber,25.2478106,-2.606952882
289,New_York_Knicks,-16.55881809,6.174552393
290,Oklahoma_City_Thunder,-19.56293508,4.27724342
291,Utah_Jazz,-15.8362838,3.700065606
292,Katy_Perry,23.56040185,-0.192125351
293,Keeping_Up_With_The_Kardashians_on_E_,6.316692013,13.85928782
294,Keller_Graduate_School_of_Management,1.40197911,20.05740327
295,Kellogg_School_of_Management,-15.50204102,-16.64051005
296,Kenmore,-2.947635803,2.141663115
297,Kevin_Durant,-19.42287032,4.488860452
298,Axe_Angels_club,43.58253894,-2.115644489
299,Kevin_Garnett,-21.76760563,2.952457191
300,Kmart,-11.44186622,35.93955783
301,Kobe_Bryant,-1.355831461,-10.03917679
302,Kodak,-3.867233913,1.212648493
303,Kohl_s,-12.886266,29.01370993
304,Korean_Air_,23.10323072,26.34710033
305,BlackBerry_India,42.01056093,-2.584492063
306,Lady_Gaga,22.43249622,-0.204608959
307,flipkart_com,41.78590288,-2.393375673
308,Kingfisher,43.28332003,-2.898811834
309,Mumbai_Indians,42.76451695,-1.971553075
310,Lands_End,-10.2328866,23.19003642
311,Last_Call_by_Neiman_Marcus,5.774672123,29.98078557
312,Le_Cordon_Bleu,-5.192159797,1.348089421
313,Leica_Camera,-2.808847019,-37.76381406
314,Lil_Wayne,13.16966967,4.733018713
315,Pizza_Hut_Celebrations,42.65635705,-2.788752918
316,Liverpool_FC,25.96309026,10.82017816
317,Tata_Docomo,43.2757518,-2.659227343
318,Vodafone_Zoozoos,42.7930479,-1.852915882
319,Lowe_s_Home_Improvement,-9.711438494,29.49208762
320,Lufthansa,24.13076898,25.96126375
321,Mad_Men,1.161532028,-23.65173567
322,Manchester_United,26.23985297,10.87123308
323,Sony,8.149606072,-33.48953704
324,Master_Lock,-4.647746061,3.418118687
325,MERCEDES_AMG_PETRONAS,11.67836866,-2.479514295
326,Miami_Dolphins,-18.35383342,-1.047820696
327,Microsoft,-0.231982953,-40.80535742
328,Milwaukee_Bucks,-27.52755002,-3.601390486
329,Minnesota_Timberwolves,-27.46834442,-3.425770267
330,Minnesota_Vikings,-27.80894176,-4.791002616
331,MIT_Sloan_School_of_Management,-13.932964,-16.37413682
332,Modern_Family,-15.17470282,-27.29423278
333,Moen,-4.42627561,3.048901557
334,Mrs_Dash,-13.57518965,33.57669321
335,Nabisco_Cookies,-12.36647982,34.89810122
336,Navistar_International_Corporation,-3.439373572,-28.04894798
337,NCIS,-17.60486749,-27.0984774
338,New_Balance,-7.752389428,1.780977824
339,Newcastle_United,25.91451396,12.35707869
340,New_England_Patriots,5.873430363,0.540939391
341,New_Orleans_Hornets,-20.52353106,4.413235313
342,New_York_Giants,-15.44637071,6.743189992
343,New_York_Jets,-15.44778844,6.744904163
344,Nike,22.15425202,4.802440297
345,Nikon,-2.437161608,-38.08450636
346,Nordstrom,6.947516746,29.08417657
347,OfficeMax,-1.557265878,7.315363892
348,St_Louis_Rams,-7.954086416,9.918288138
349,Tennessee_Titans,-28.18683003,0.71428575
350,Old_Navy,-12.91388583,25.17313857
351,Omni_Hotels,3.808387825,6.108042363
352,Oreo,19.0618148,-9.123427759
353,Orlando_Magic,-22.12463151,5.924882766
354,Oscar_Mayer,-12.33410001,34.79017013
355,Overstock_com,-5.11691885,28.34277482
356,Panasonic,0.023150974,-38.05006112
357,Paramore,18.30229072,-17.52714673
358,PENTAX,-2.416086425,-38.02795003
359,Philadelphia_76ers,-14.88816949,14.5629392
360,Philadelphia_Eagles,-15.18031845,14.65059635
361,Phoenix_Suns,-17.28907369,3.386625662
362,The_Pittsburgh_Steelers,-15.87923056,12.22295638
363,Portland_Trail_Blazers,-19.38463299,3.242883864
364,Qantas,23.21815715,25.82719072
365,Qatar_Airways,23.2026137,24.78671372
366,Real_Madrid_C_F_,27.84750991,10.69638683
367,Red_Bull,12.23546804,-1.28151153
368,Red_Bull_Racing,11.79655549,-2.494670594
369,Reynolds_Wrap,-12.79110041,33.5411869
370,Rihanna,19.2400345,4.781822633
371,Rue_La_La,5.284575909,29.75974262
372,Sacramento_Kings,-19.56479659,2.809667161
373,Saks_Fifth_Avenue,7.888939687,28.732105
374,Sam_s_Club,-0.019949347,11.47727596
375,San_Diego_Chargers,0.875023388,-13.68319641
376,San_Francisco_49ers,-0.172664806,-14.11890597
377,Sara_Lee_Desserts,-12.29842811,35.27143768
378,SAS,23.31483027,25.53273586
379,Sears,-8.168445311,30.4437297
380,Seattle_Seahawks,3.357746099,9.421220379
381,Shakira,25.41063565,4.017505013
382,Singapore_Airlines,23.1930647,25.39764584
383,Sony_Electronics,0.608338421,-37.04959518
384,Southwest_Airlines,22.0667809,29.22219552
385,Sports_Authority,-10.63771432,5.923095504
386,Staples,-3.856470276,0.826120689
387,Steve_Nash,-17.71183491,3.967353748
388,St_Ives,-1.23473441,8.49822964
389,Tampa_Bay_Buccaneers,-18.52324347,-1.069966551
390,Target,-12.67113028,28.46839432
391,Taylor_Swift,24.45266992,-1.503977439
392,The_Bachelor,-16.16504212,-24.16672716
393,The_Boeing_Store,22.75434719,27.80632714
394,The_Cape,-2.576164856,-3.250856454
395,The_Container_Store,-7.535193294,19.49372413
396,The_Detroit_Pistons,-11.9051139,2.846917994
397,The_Fuqua_School_of_Business,-14.6803651,-16.32055004
398,The_Game,14.63041224,10.59293706
399,The_Home_Depot,0.198448326,11.81698395
400,The_Kansas_City_Chiefs,-7.967605402,9.919489978
401,The_North_Face,-12.53515293,-5.791897685
402,The_Oakland_Raiders,0.369956283,-12.76651794
403,The_Ross_School_of_Business,-14.7369111,-16.31662398
404,San_Antonio_Spurs,-33.77760479,-3.382484793
405,The_Wharton_School,-13.31364445,-16.34938081
406,PBS,-5.871650185,-24.80809861
407,Top_Gear,12.64015283,-2.729994467
408,Tottenham_Hotspur,25.89061435,12.20931301
409,Toys_R_Us,-16.86338602,23.4215696
410,TRESemme,-10.87566195,32.74810736
411,True_Blood,3.373583572,-26.20585575
412,ULTA_Beauty,4.84664001,30.02374932
413,University_of_Chicago_Booth_School_of_Business,-13.22303313,-16.69524868
414,US_Airways,22.05932821,28.29785412
415,Usher,18.86964017,5.027024594
416,Dallas_Cowboys,-35.17436792,-3.058064648
417,VOA_Middle_East_Voices,-6.51692159,-18.26621351
418,Vodafone_McLaren_Mercedes_The_Official_Page,11.76067008,-2.402914957
419,V,-2.508766253,-3.081286242
420,Walmart,-10.90813508,36.00108408
421,Washington_Redskins,-12.48944446,11.71496762
422,Washington_Wizards,-12.07752848,11.14018664
423,Weeds,3.959064415,-25.32659491
424,W_Hotels_Worldwide,21.45903001,26.8594294
425,WRC,11.81583074,-2.59378066
426,Yahoo_,-3.266348979,0.780383128
427,_Yao_Ming,-20.51090606,4.138363296
428,Aaliyah_Haughton,12.73297155,9.514424684
429,C28_Christian_Clothing,-27.48310198,21.1655267
430,Aamir_Khan,42.29425775,-1.631394909
431,Aaron_Watson,-37.01169055,-3.127299978
432,Cabela_s,-24.11151708,-10.92000084
433,Abby_s_Legendary_Pizza,-5.373227313,1.972072111
434,ABC11_WTVD_Eyewitness_News_Raleigh_Durham_Fayetteville,-8.536084917,-15.68910503
435,Caboodles,-13.55840901,20.77457806
436,Cadillac,-17.4118476,-9.751270583
437,Caesars_Palace,21.92687743,28.66397547
438,ABC30_Action_News,1.80275221,-12.00036914
439,Cafe_Brazil,-35.56462984,-4.781082373
440,CafeMom,-16.12019309,23.50200683
441,Cage_The_Elephant,12.03686455,-20.28225947
442,Cake_Boss,4.002086467,13.85463697
443,Cake_music,4.551042068,-23.09473877
444,California_Academy_of_Sciences,-4.193644552,-23.2112861
445,California_Baby,-15.21950035,24.73268332
446,Californication,4.019833601,-25.21149568
447,ABC_33_40,-28.87494558,4.707880905
448,Cali_Swag_District,13.01941447,5.829831549
449,Callaway_Golf,-9.868354847,4.728431032
450,CALLED_Magazine,-27.9890666,21.53819458
451,Call_of_Duty_World_at_War,11.76075412,-29.63702854
452,Calorie_Count,-5.68199934,16.3076707
453,CamiCakes,10.7770447,11.85260399
454,Camping_Survival,-24.81160414,-13.97550977
455,ABC_7_Eyewitness_News_WBBJ,-29.07976092,2.206630467
456,Cam_Newton_For_Heisman,-27.99651063,4.812083477
457,Camila_M_xico,33.77612732,8.776445995
458,ABC_Family,21.39264128,-6.990990009
459,ABC_Family_s_25_Days_of_Christmas,-3.448196931,0.956976908
460,Nightline,-8.21639006,-17.45009402
461,ABC_News,-8.491039815,-17.65805307
462,Candace_Cameron_Bure,-25.64049829,20.48606325
463,Candace_Parker,-20.26869928,6.214909562
464,Canobie_Lake_Park,4.737829301,-0.661136687
465,CAPCOM,10.61724971,-31.47734667
466,Capitalism,-26.68992906,-17.76084066
467,Abercrombie_Fitch,6.402262738,25.61799065
468,Above_Beyond,15.3422694,0.953038193
469,Academy_Sports_Outdoors,-34.71046103,-2.117441993
470,Access_Hollywood,-7.723086763,-15.0083401
471,Caprica,4.529246539,-24.23335627
472,Captain_America,10.02868648,-27.97066646
473,Captain_C_B_Sully_Sullenberger,-23.22140682,-16.33825753
474,Captain_Jack_Sparrow,19.72999595,-3.575000835
475,Captain_Paul_Watson,-8.606970526,-11.04855028
476,AC_DC,11.19950054,-15.99840149
477,Ace_Hardware,-4.022920757,2.394756955
478,Captain_Planet,1.119818817,-3.687099013
479,ACN,1.978639553,0.430982092
480,A_Comic_Shop,8.563304625,-27.21531697
481,CareerBuilder,-7.578000629,-14.43713179
482,Carhartt,-22.37671452,-10.75945428
483,6abc_Action_News,-16.1257242,15.29559242
484,Caribou_Coffee,-26.41732286,-5.205979366
485,Carl_Azuz_CNN_Student_News_Official,19.73649616,-7.983931133
486,Carlos_Alberto_Tevez,29.06436871,10.84594699
487,Carlos_Santana,8.31836312,-14.79654885
488,Carl_Paladino,-26.53755101,-17.30599559
489,Carl_s_Jr_,2.428656428,-12.03156567
490,Active_com,-3.811832865,14.45458417
491,Carmelo_Anthony,-18.67501155,5.247275082
492,Carmen_Electra,22.29673387,3.173477366
493,Carmex,-9.054123741,31.54665433
494,Carmine_s,-3.504753816,-1.16401147
495,Carnegie_Hall,-3.831165966,-22.08403648
496,Carnifex,15.28945947,-20.05665116
497,Carnival_Cruise_Lines,22.10652168,28.91714279
498,Acuvue,21.93418779,-8.410307272
499,Adamari_Lopez,34.36729077,10.28502594
500,Carole_King,-3.685681418,-21.74186465
501,Carolina_Girl_Apparel,-27.74558482,3.260532808
502,Carolina_Hurricanes,-21.67567201,-1.530298925
503,Adam_Carolla,4.622581211,-23.68468378
504,Adam_West,-1.612646588,-3.889732792
505,A_Day_To_Remember,16.58350133,-20.48822063
506,Adele,22.91065787,2.538082187
507,Carol_s_Daughter,14.73812612,12.98505236
508,Adobe_After_Effects,-2.00242264,-39.67432154
509,Adobe_Flash,-1.522537516,-39.68393399
510,Carowinds_Amusement_Park,-9.859532662,-0.980830971
511,Adobe_Illustrator,-2.080142813,-39.62367137
512,Carrabba_s_Italian_Grill,-7.885377945,-0.024457604
513,Carrie_Underwood,-18.38443818,-23.40847416
514,Adobe_Photoshop_Lightroom,-2.443157675,-39.27158353
515,Cars,17.9230082,-5.462025995
516,Carson_Dellosa_Publishing_Company,-11.33160574,21.63225387
517,Adobe_Photoshop,-2.434960403,-39.60040286
518,Car_Talk,-2.344186027,-23.73985385
519,Carter_s,-16.2310393,24.09902134
520,A_Dog_s_Purpose,-10.34288559,-10.2378334
521,Cartoon_Network,18.9000929,-11.89320104
522,Carytown,-3.558173851,-20.4346338
523,Adult_Swim,7.407590823,-26.22990718
524,Cascadian_Farm,-7.793848959,18.36846015
525,Adventure_Aquarium,-16.81479784,15.45471501
526,Cash_Cab,-3.579133985,0.278004632
527,Casting_Crowns,-27.53585146,22.50799361
528,Adventure_Suites,4.648401426,-0.665645012
529,Adventure_Time,18.55159832,-12.21081481
530,AdvoCare,-6.100677034,14.23209591
531,Cataloochee_Ski_Area,-26.57595823,2.824838144
532,Catherine_Coulter,-17.32761406,-25.13346464
533,Catherines_Plus_Sizes,-2.62308772,6.142983199
534,Aerie,5.521835531,27.42552319
535,Aerosmith,10.00998885,-14.70686126
536,Cato_Fashions,-4.051830777,4.730637418
537,Cavo,10.10764201,-14.53723959
538,CBS_Philly,-16.15903855,15.28554355
539,A_E_Television_Network,-8.4108097,-8.466088989
540,AFFLICTION,5.913005431,-9.454496618
541,CBS_Denver,-13.39128252,-1.955780611
542,AFI,17.03498195,-19.18117128
543,A_Fine_Frenzy,6.709921408,-22.76284039
544,Aflac_Duck,-5.099061517,-0.3272643
545,CBS_News,-8.417513231,-17.77582753
546,Aiden,17.06307092,-19.79307724
547,AIM,18.83390169,-8.104170673
548,Ainsley_Earhardt,-26.3267232,-17.11031963
549,Aion,10.2572291,-32.36574402
550,Airsoft_GI,14.48501143,-33.13382311
551,Airsoft,14.4749632,-33.13444412
552,AirSplat,14.49519633,-33.13606334
553,AJ_Rafael,24.73044049,-12.81488104
554,AKIRA_Chicago,2.319114895,28.44193459
555,Cebu_Pacific_Air_Fare_Promos,20.66844378,20.92467152
556,AKON,26.13671945,3.49339191
557,Cedar_Point,-20.72278119,11.56130761
558,Akoo,21.63406467,-8.200783739
559,Akron_Zoo,-20.39051728,12.08262592
560,CeeLo_Green,2.573681288,1.725569497
561,Celebration_Cinema,-10.50807392,2.455020683
562,Alabama_Crimson_Tide_BCS_Bowl_Game_Information,-29.43364112,5.520700008
563,Alabama_Crimson_Tide,-29.29553321,5.377707427
564,Alabama_Football_on_SDS,-29.22413287,5.329335369
565,Alabama_Gulf_Coast,-28.84313312,4.655288222
566,Celebrity_Rehab_with_Dr_Drew,5.146243376,14.91918154
567,Celine_Dion,21.97193456,22.83109431
568,Celtic_Woman_North_American_Tour,-4.642377285,5.981589524
569,Central_Casting_Los_Angeles,1.348871405,-10.23919716
570,CentricTV,13.05278704,12.01253918
571,Alanis_Morissette,2.224892436,-6.418023647
572,Alan_Jackson,-19.79193285,-23.28653277
573,Alan_Wake,10.43284611,-31.54250653
574,Certifiably_Jonathan,-3.64385088,-20.79104453
575,Alberto_Pujols,-7.574204861,9.949713048
576,Cesar_Millan,-10.87510289,-10.81791084
577,ALDO_Shoes,7.819378275,29.83437283
578,Alejandro_Fern_ndez,33.95643821,9.484264222
579,Alesana,16.85727597,-20.27301358
580,Alessandra_Ambrosio,20.63428582,3.533288242
581,Alex_Campos,34.90936916,8.908308043
582,Chacos,-11.87787012,-5.290006324
583,Chad_Ochocinco,-25.75462884,11.58156848
584,Alex_Evans,19.75919174,-18.9290257
585,Alex_Jones,-23.45951436,-18.4763658
586,Chaka_Khan,12.67656553,12.28599579
587,Chalene_Johnson,-3.941369941,14.533604
588,FLY_MOBILE,42.27162512,-3.610100673
589,Micromax_Mobile,42.07692179,-3.228159771
590,Samsung_Mobile_India,42.14130592,-3.059473508
591,Champion,-13.23828832,8.449009946
592,Champs_Sports,-18.69884481,6.159269182
593,Channel_955,-10.53836058,2.44322141
594,Alice_in_Chains,10.2812253,-16.86640516
595,Alice_in_Wonderland,21.88883733,-7.043614465
596,Alicia_Keys,18.48309412,5.420956873
597,Ali_Fedotowsky,-16.20583629,-24.13809578
598,Alison_Sweeney,-17.45466773,-24.38690712
599,Channel_One_News,20.69642731,-9.234399281
600,Al_Jazeera_Channel_,26.27785647,15.44330233
601,Channel_v_India,43.21661437,-2.263189394
602,Al_Jazeera_English,-5.777184085,-18.40352339
603,Channing_Tatum_Unwrapped,22.72004166,2.033142921
604,Allegiant,21.66159763,28.73442818
605,Allen_Iverson,-20.07659817,5.914217641
606,Allen_Theatres,-6.600319553,1.128563999
607,Chappelle_s_Show,9.089291028,4.779183977
608,ChapStick,0.091165793,-1.055518559
609,Charles_Krauthammer,-26.69997683,-17.74956455
610,Charleston,-9.546930978,-0.531182492
611,Allen_West,-26.89502689,-17.21267405
612,CharlesTrippy,22.17817465,-13.37539477
613,AllFacebook_com,-0.410870051,-37.71800732
614,Charlie_Baker,-27.01486771,-18.5527133
615,Charlie_Hunnam,-7.127654677,-7.727329285
616,Charlie_Murphy,11.94614259,9.528360574
617,Charlie_St_Cloud,22.92609373,-8.453015654
618,Charlie_Wilson_Music,13.59176549,11.5514397
619,Charlotte_Checkers_Hockey_Club,-21.67029453,-1.550005716
620,All_My_Children,-15.34964544,-24.18300691
621,Charlotte_Motor_Speedway,-19.93686962,-6.330221337
622,Charlotte_Russe,5.265831514,30.47626386
623,AllPosters_com,19.87230971,-6.671579843
624,Charming_Charlie,1.152295845,5.666729544
625,CHAYANNE,34.24371786,9.356715489
626,Allstar_Weekend,25.25065785,-9.46963463
627,Cheaper_Than_Dirt,-25.09713585,-14.22538339
628,Cheap_Trick,9.174740479,-14.84272539
629,Cheech_Chong,9.228792176,-14.88550487
630,Cheerios,-11.91660856,35.4061819
631,All_That_Remains,14.67990442,-19.48100273
632,Cheez_It,-10.24779635,34.41572267
633,All_Time_Low,18.84620081,-19.5068264
634,Chef_G_Garvin,13.23122029,12.64267526
635,Chelsea_FC,25.69959912,12.10207952
636,All_Travel,20.62134248,28.27434798
637,All_You_magazine,-10.63869968,29.88096365
638,Chelsea_Grin,15.83091008,-20.32584526
639,AL_ROJO_VIVO,34.01941344,10.27696014
640,Chelsea_Handler,5.295470597,16.37229764
641,Chelsea_Lately,5.435380025,15.87197508
642,Alter_Bridge,11.58386627,-16.81855064
643,Chelsea_s_Beads,-17.16288403,9.436932624
644,Alternative_Press,17.85786228,-20.43985728
645,Chess,6.907226017,3.17236385
646,Chevrolet,-17.68180904,-10.09265868
647,Chevrolet_Volt,-17.13443112,-9.857640202
648,Chevy_Camaro,-17.84315849,-9.978537796
649,Chevy_Silverado,-18.71111649,-10.67320069
650,Chex_Mix,-10.84815859,34.06056777
651,Cheyenne_Frontier_Days_,-20.18267554,-12.31029895
652,Cheyenne_Mountain_Zoo,-11.78742225,-0.70355406
653,Chicago_Blackhawks,0.681819123,22.35644937
654,Alvin_Ailey_American_Dance_Theater,11.70534713,12.46455999
655,Chicago_Botanic_Garden,0.373395027,20.00723933
656,Aly_AJ,23.5688921,-1.649172331
657,Amar_e_Stoudemire,-17.8071035,4.466611794
658,Chicago_Fire,0.295899253,21.5911523
659,Amazon_MP3,-1.676358325,-3.972707955
660,AMC_Theatres,-2.421544917,0.202075778
661,American_Apparel,-0.582346676,-3.60750575
662,Chicago_s_Best_TV,0.878693815,21.4039946
663,American_Ballet_Theatre,-3.763657161,-20.45502045
664,American_Chopper,-19.29718056,-9.2863
665,American_Dad,10.25817439,-27.80467846
666,American_Eagle_Outfitters,20.24221394,-8.384523972
667,Chick_fil_A,-26.02776146,4.023738518
668,American_Idiot_The_Musical,16.85739106,-17.04351294
669,American_Military,-23.3322528,-16.27853837
670,Chief_Illiniwek,1.6730865,22.59273859
671,American_Music_Awards,23.01255559,1.597043793
672,American_Nitro,-18.75515065,-10.42661712
673,Children_s_Hospital_of_Philadelphia,-16.54947432,15.21997281
674,Chili_s_Grill_Bar,-8.743922936,29.78567364
675,ChillClock,-4.412023736,7.952883268
676,Chiodos,17.41464118,-20.5811869
677,Chip_Coffey_Psychic_and_Medium,-10.4011707,-10.66046976
678,Chipotle_Mexican_Grill,-10.5045245,0.538278075
679,CHIQ,6.888314466,32.18955167
680,American_Pickers_on_History,-21.70209233,-12.0714024
681,American_Quarter_Horse_Association,-12.31450317,-9.735162881
682,Chivas_Oficial,31.7663126,8.951923038
683,America_s_Most_Wanted,-7.605492105,-14.55370029
684,America_s_Next_Top_Model,21.64053552,1.629927664
685,AMF_Bowling_Centers_Inc_,-3.617499039,0.825215656
686,CVS,-12.02979251,31.24938913
687,Amoeba,5.553221307,-19.74558576
688,Chopra_Center,-8.782565122,15.38574561
689,Chowder,19.60991121,-10.5934776
690,Chrisette_Michele,13.80332547,11.76540129
691,Chris_Henry,-25.05994641,11.51702224
692,Chris_Jericho_WWE_Universe,-0.329889745,-5.615007875
693,Christiane_Amanpour,-7.065189451,-18.27678497
694,Christian_Louboutin,10.86472182,28.10364042
695,Christian_Siriano,5.227652916,15.02776788
696,Christina_Aguilera,21.39162946,2.19212094
697,Christina_Grimmie,24.36544474,-10.8042505
698,Christina_Perri,22.06931146,-3.528580653
699,Christi_Paul_HLN,-8.187355754,-16.38716004
700,Chris_Tomlin,-27.3201143,21.11213182
701,Christopher_Hitchens,-5.961382273,-22.57533491
702,Christopher_Moore,3.536836668,-23.36186227
703,Amos_Lee,2.928863004,-22.37692267
704,AMP_Energy,-19.70040665,-6.581028789
705,Chris_Young,-19.93116864,-23.2734202
706,Amr_Khaled,26.45495852,15.59231689
707,Chronicles_of_Narnia,20.1469792,-4.633239185
708,Chrysler,-17.83648609,-9.444881754
709,Chuck_Liddell,5.881594226,-9.43307495
710,Chuck_Swindoll,-26.87784016,21.70777745
711,Chuggaaconroy,12.04524633,-31.80950169
712,Chuggington,-14.55790983,23.02150058
713,Chunky_s_Cinema_Pub,5.348126324,-0.328468369
714,Chuy_Bravo,5.339030416,15.40044171
715,Amtrak,3.862863251,6.136213267
716,GoDaddy_com,-18.21954877,-6.920994978
717,Amway_US,-4.9133202,5.476069242
718,CiCi_s_Pizza,-0.600655092,3.67117392
719,Cigars_International,-22.71236274,-15.45291089
720,Amy_Grant,-26.12562194,20.83213425
721,Cincinnati_Cyclones,-24.6274943,11.49570262
722,Amy_Lee,11.61179486,-13.84120807
723,Anaheim_Ducks,-0.244790678,-13.44629515
724,Cincinnati_Rollergirls,-24.43359352,11.49752227
725,Cincinnati_Zoo_Botanical_Garden,-24.39395778,11.60473144
726,Cinderella,19.99764424,-6.229468061
727,Cinnabon,-2.466560056,2.030087666
728,Anarbor,18.57434694,-19.99276929
729,Circa_Survive,17.41403345,-21.89964711
730,Ancestry_com,-5.548898597,17.02154116
731,Cirque_du_Soleil,2.920003457,3.481627125
732,City_Museum_St_Louis_MO,-7.253171334,8.425365579
733,City_of_Heroes,9.797584857,-28.19061964
734,Andre_Ethier,1.085693273,-12.6257192
735,Andres_Iniesta,29.51087111,10.405838
736,CityPASS,-3.050455072,1.580864319
737,Andrew_Jenks,4.408005775,-3.463179189
738,Andrew_Weil_M_D_,-8.726763179,15.72160601
739,Claim_Jumper_Restaurants,1.966938505,-10.37993217
740,Claire_s,22.68636684,-8.768848338
741,Andrew_W_K_,12.11014204,-20.47845808
742,Android_Central,-0.560946693,-39.15447703
743,Clarisonic,4.741485183,29.87202763
744,Claritin,-1.248866702,-1.109471626
745,Clark_Griswold,-8.350917729,-3.248812573
746,Clark_Howard,-5.106864177,-1.520361314
747,Clay_Matthews_III,-27.49008232,-4.846987757
748,Clay_Walker,-20.15250296,-23.27199721
749,Clean_Clear,21.95285801,-8.499494248
750,Clean_House,-2.187417029,3.979273613
751,Cleveland_Metroparks,-20.55302687,12.03141235
752,Andy_Cohen,6.433855721,16.92985439
753,Cleveland_Metroparks_Zoo,-20.60624938,11.9847337
754,Angel_Locsin,20.44123112,20.79377115
755,Cleveland_Museum_of_Art,-20.3184835,12.23986436
756,Gain,-11.75448011,31.39979549
757,Cliff_Lee,-15.23426698,14.72437056
758,Gabriel_Iglesias,3.994715886,-11.46165322
759,Clint_Dempsey,23.61161182,12.41544239
760,Clorox_Clean_Up,-1.639723121,6.807427395
761,Clorox,-11.44779499,33.23311709
762,Angels_and_Airwaves,16.93513655,-19.1894825
763,Cloud_the_Stallion,-10.92390279,-9.699971169
764,Angry_Video_Game_Nerd,10.51965612,-31.42108331
765,Ani_DiFranco,3.060556704,-22.70892264
766,A_Nightmare_on_Elm_Street,1.367738964,-5.136852533
767,Animal_Planet,-9.321566487,-9.826904178
768,Club_Alianza_Lima,32.19872457,9.030855391
769,GAC_Great_American_Country,-19.85358872,-23.23968915
770,Anita_Renfroe,-25.17925,21.9075198
771,Gaia_Online,19.09207736,-12.72745237
772,Anjelah_Johnson,2.12715356,-10.34049159
773,Club_America,31.98222378,9.238022048
774,Annapolis_Maryland,-13.00676609,10.01015854
775,GameFly,10.31713954,-30.23764938
776,Game_Informer,10.66479221,-31.16044261
777,Anne_Rice,-8.125635179,-12.00040004
778,Club_Am_rica,32.22897635,9.353224817
779,Gameloft,7.928497036,-33.43457536
780,Games_com,-4.599164524,2.037922157
781,Annie_Lennox,-3.776755052,-22.18185152
782,GameSpot,10.12185463,-32.24743346
783,Club_Med_Official,-3.326797218,3.628013884
784,Annie_s_Homegrown,-8.659574946,18.22339327
785,Ann_Taylor,5.521092628,29.41233772
786,Anthony_Bourdain_No_Reservations,1.305351306,-23.56475271
787,GameStop,13.88627803,-30.62554355
788,C_Mon_Man_,-12.25689906,8.984791222
789,CNBC,-9.318405069,-17.24812266
790,Anthony_Green,17.4477445,-21.76630248
791,Anthony_Robbins,-3.155256326,-14.35855281
792,Gander_Mountain,-24.31804236,-11.0704966
793,Garden_Of_Life,-7.612322938,17.81985652
794,CNN_Black_in_America,12.22618432,13.10459581
795,Anthrax,10.76173331,-16.76635553
796,CNN_en_Espa_ol,34.58063879,11.20682205
797,Anthropologie,3.644427544,28.91092501
798,Garfield,19.67280937,-5.056221292
799,Anti_Monkey_Butt_Powder,-4.389345372,8.03732312
800,Antiques_Roadshow,-2.307249834,-20.72233501
801,Antoine_Dodson,2.192864783,1.679952999
802,Garnier_Fructis,-10.40135573,32.78932504
803,AOL_News,-7.90708763,-16.51133931
804,Gary_Allan,-19.98324818,-23.26785795
805,Gary_L_Bauer,-27.43483197,-16.786325
806,Gary_Vaynerchuk,-3.300238557,-14.6926027
807,CNN_Heroes,-7.838972372,-17.16585479
808,GASLAND,-6.054057669,-22.95821569
809,CNN,-7.913088526,-18.07486479
810,Gathering_Of_The_Vibes,2.174575195,-20.51296905
811,Gatlinburg_Tennessee,-29.27829148,2.245476201
812,Gatorade,14.00813047,-7.017898531
813,Gatorland_Orlando,-8.692974725,-0.948555589
814,Gavin_Newsom,-7.82736539,-23.6946433
815,Gay_People,18.92918194,-7.853394199
816,General_Colin_L_Powell,-6.996735637,-20.04534982
817,General_Hospital,-15.35912034,-24.2413265
818,Coachella,5.64439711,-19.86672956
819,Coach,7.013188971,30.24970395
820,Coastal_com,-11.63466857,28.96167932
821,General_Motors,-17.71243684,-10.16567061
822,Cobra_Starship,18.96700281,-18.93267802
823,Gene_Simmons_Family_Jewels_on_A_E,-6.469236253,-6.440985948
824,Genesis,-1.167142864,-5.188464616
825,Genghis_Grill,-6.862769267,-1.454093184
826,Gentleman_s_Emporium,-3.723747405,-21.63789493
827,Genworth_Celebrates,-4.228779423,4.899055361
828,Code_Lyoko,19.24550815,-12.21113503
829,George_Foreman_Cooking,-2.693554356,1.49379286
830,George_Lopez,3.721971091,-11.49765667
831,Aperture_Science,10.215248,-31.9450197
832,Coffee_For_Less,-5.077792832,28.46150283
833,Coffee_mate,-10.24203253,29.89960146
834,Apocalyptica,12.07928664,-16.39273187
835,Coffey_Anderson,-27.37373017,21.15703967
836,George_Rodrigue,-7.414817807,-7.201959414
837,Coheed_and_Cambria,12.79997216,-20.60057122
838,Apolo_Anton_Ohno,-2.868281377,0.053501862
839,Georges_St_Pierre,6.028942348,-9.476563375
840,Applebee_s,-0.522405448,11.21466994
841,Coldplay,19.34636604,0.57411075
842,ApplevsGoogle,0.569897834,-36.53774758
843,George_Strait,-19.82261138,-23.33491972
844,Applique_Cafe,-30.05694569,6.153141353
845,Georgetown_Cupcake,-13.37690688,22.7180711
846,Cold_Stone_Creamery,-0.93348748,3.262801393
847,App_Store,-0.090140923,-37.38489686
848,Coldwater_Creek,-7.724749783,20.89561521
849,Aquarius_Horoscope_by_DailyHoroscopes_net,-1.176402119,1.163434993
850,Georgia_Aquarium,-26.28982197,2.255182064
851,ESPN_Home_Court,-12.43105668,7.395366196
852,Arbonne,-5.643304666,16.08548872
853,Arby_s,-10.99345844,35.10144412
854,Georgia_Tech_Football,-27.0023117,4.605699753
855,Gerber_Childrenswear,-10.70897782,28.72823622
856,Arcade_Fire,6.055438374,-22.09440068
857,College_GameDay,-12.37680296,6.871936486
858,Gerber,-16.34497776,23.53036103
859,Archiver_s,-10.43750533,21.21004863
860,ArcLight_Cinemas,5.49913611,-19.44311565
861,CollegeHumor,9.212469219,-31.08702476
862,Aretha_Franklin,11.38304692,12.03207709
863,Get_Real_Wise_Women_Speak,-4.270476436,-21.9068345
864,Ariana_Grande,23.6090969,-8.918811309
865,Ghirardelli_Chocolate_Company,-1.663695414,6.753373123
866,Ghost_Adventures,-10.57472756,-10.56118171
867,COLLEGE_LACROSSE_THE_VIDEO_GAME,9.270822018,-5.851758159
868,Arianna_Huffington,-6.243101335,-22.65324883
869,Collie_Buddz,10.93073515,5.482924454
870,Arianny_Celeste,5.700606307,-9.343160483
871,Ghostface_Killah,10.20826354,6.86132463
872,Ghost_Hunters,-10.5537061,-10.47402676
873,Colonial_Williamsburg,-5.892543907,17.92989864
874,Ghost_Whisperer,-16.57834942,-26.47335706
875,Giada_De_Laurentiis,-2.44080304,3.562536002
876,Colorado_Avalanche,-13.87110275,-2.068605486
877,Giant_Eagle,-18.2521973,13.14254969
878,Giant_George,-9.38350036,-9.700781066
879,Colorado_Mammoth,-13.62151352,-2.002402446
880,Visit_Colorado,-13.5261298,-2.02166329
881,Gibson,10.50002783,-16.69619717
882,ARIA_Resort_Casino,22.10319467,28.61630074
883,Colt_McCoy,-35.40763633,-3.753989696
884,Columbia_SC,-9.12100426,-0.531443971
885,Aries_Horoscope_by_DailyHoroscopes_net,-0.089085359,0.111605159
886,Arizona_Iced_Tea,14.22753153,-8.482727477
887,Arkansas_Game_and_Fish_Commission,-23.59780437,-10.28473492
888,Gibson_Les_Paul,10.67679443,-16.58789095
889,Columbia_Sportswear,-11.63675026,-5.231311852
890,Columbus_Metropolitan_Library,-10.48193938,0.747149783
891,Arkansas_Razorbacks,-34.44373071,-1.69870035
892,Gift_of_Life_Michigan,-9.410942913,2.613595184
893,Gilberto_Sta_Rosa,34.39151683,10.04698807
894,Armin_van_Buuren,15.72904098,1.19355318
895,Combos,-4.273765878,0.527364655
896,Comedy_Central,9.983263235,-27.71367983
897,Gillette,-5.221143025,-0.411145344
898,Gillette_Venus,-8.657604047,30.80360593
899,Gilly_Hicks,6.321658879,25.76984103
900,Gilt_Groupe,6.668265208,29.49538887
901,Command_Conquer,9.683264626,-33.23334388
902,Common,14.07339042,9.764485506
903,Girlfriends,14.0034272,11.08837654
904,Armor_All,-19.49888358,-6.710088121
905,ARMSTRONG_FLAG_COMPANY,-26.00091614,-16.74237997
906,Army_OneSource,-5.759548132,3.09817425
907,Community_Coffee,-5.120686433,26.91478792
908,Giuliana_Bill,5.18107605,14.99189178
909,Gizmodo,-0.463643666,-40.28236805
910,Como_Park_Zoo_Conservatory,-26.49197178,-5.249296548
911,Arnold_Oroweat_Sandwich_Thins,-1.431333182,7.917732876
912,Arnold_Schwarzenegger,-20.08568577,-16.25349051
913,COMP_Cams,-18.49443389,-10.47328664
914,BBC_World_News,-5.754983179,-18.357209
915,Glacier_National_Park,-11.65700631,-5.252442848
916,A_ropostale,21.50941236,-9.657901811
917,Glad_to_Give,-3.431222805,2.507079405
918,A_R_Rahman,41.44428134,-1.436250133
919,Glamour,6.666050417,30.35118254
920,Conan_O_Brien_Presents_Team_Coco,4.766123752,-23.74168533
921,Arrow_Fastener,-5.021527747,28.82527782
922,Artbeads_com,-17.16233217,9.466408347
923,Coney_Island,-3.311294748,-0.995949494
924,Artexpo_New_York,-4.252660051,-22.30541124
925,U_S_Representative_John_Fleming,-26.65621844,-17.21613617
926,Glamour_Shots,2.086510164,3.25479457
927,Arthur,18.91471835,-6.237222623
928,Artist_vs_Poet,18.64196741,-19.90287789
929,Glen_Ivy,1.754566923,-11.85863533
930,Consol_Energy_Center,-16.49777307,12.66486512
931,Friends_Of_Sure,42.53717044,-3.184284337
932,Art_Mann_Presents,0.238018993,2.151602522
933,Conspiracy_Theory_with_Jesse_Ventura_on_truTV,-23.1559483,-18.33770493
934,ArtsCow,-11.88043407,28.56172559
935,Glenn_Beck,-27.87258266,-16.91316394
936,ASA_Softball,-10.55977178,5.857519001
937,msnbc,-8.467213634,-18.12152336
938,Converse_All_Star,17.26214905,-9.961567918
939,Cookie_Monster,-13.90647071,-13.74834648
940,Cooking_com,-6.992923436,29.64249286
941,GlobalGrind_com,12.52716677,10.49216171
942,Asbury_Park_Boardwalk,-1.925474415,-5.65502137
943,Cooking_with_Trader_Joe_s,-7.600938566,18.99718736
944,Cooking_with_Nonna,-5.524311035,3.004215085
945,Asher_Roth,11.6294218,3.443615199
946,Ashley_Holmes,6.094062636,16.48256213
947,Ashley_Tisdale,24.47778407,-1.573255317
948,Cooter_s_Place,-20.85021649,-11.01822112
949,Coraline,20.87892384,-6.862661551
950,Corbin_Bleu,23.50979299,-1.535307717
951,Corey_Smith,-27.60841196,2.657080103
952,Ashton_Kutcher,23.86557045,3.092794673
953,Cory_Booker,-6.710379276,-20.43453075
954,GlobalPost,-8.564055482,-21.4630913
955,As_I_Lay_Dying_Official,15.08924843,-19.80066142
956,Ask_A_Ninja,10.05084996,-28.11983415
957,Ask_Dr_Sears,-14.8846569,24.70458979
958,Cosmopolitan_Magazine,7.723938931,29.72115637
959,Cossetta_s_Italian_Market_Pizzeria,-26.59644987,-5.145968959
960,Costa_Sunglasses,-24.9437014,-9.430055632
961,Gloria_Jean_s_Coffees,0.662569548,0.880670892
962,Aston_Martin,11.13590488,-1.336454365
963,CottageCountry,-7.666913693,-7.558567775
964,Glory_Daze,-2.877752546,0.724036466
965,Glowsticks,18.19862807,-9.798699174
966,Cotton_Babies,-15.72778872,24.68536882
967,ASUS_North_America,-0.06288124,-41.52134257
968,Gluten_Free_Girl,-8.284222348,17.74757635
969,Cougar_Town,-15.73020328,-27.07934556
970,Gluten_Freely,-8.299979593,18.01607137
971,Country_Strong,-17.72528685,-24.35393771
972,COUPON_DIVA,-11.98337624,30.68287715
973,GMC,-17.8886445,-10.03436263
974,Yahoo_Sports,-11.59477679,6.445723358
975,Goa,41.41935053,-1.977920686
976,Courageous_Movie,-27.29386467,21.53079151
977,ATB,15.49889294,1.055713127
978,Goal_com_North_America,25.23024301,12.75586471
979,Athenos,-12.49909292,33.28183216
980,Atlanta_Falcons,-26.10528373,5.328570716
981,CoverGirl,-9.943275233,32.40150829
982,Atlanta_Motor_Speedway,-20.19747636,-6.015116243
983,Cowboy_Magic,-11.97140188,-9.736965563
984,Atlanta_TravelTell,-25.85319423,3.186245995
985,Atlantic_Station,8.936733742,11.60668822
986,Cox_Arizona,-14.63168516,2.017800701
987,Atlantis_Resort,3.853539381,6.133895314
988,Goapele,13.34937623,11.27197365
989,Cox_Farms,-13.38254607,22.60169283
990,Atlas_Shrugged,-26.04856563,-18.20896349
991,GoCharmz,22.5577611,-9.564848164
992,Cozi,-10.81702789,21.37559717
993,Go_Chicken_Go,-7.5331569,8.481030294
994,God,-25.00348229,20.13515535
995,CrackBerry_com,-5.320467351,-4.05995163
996,God_is_Great,-4.674192447,5.520605482
997,GODIVA,1.120793798,6.056073379
998,Atmosphere,8.987321692,-9.011464555
999,Cracked_com,6.920850606,-26.09372366
1000,Attack_Attack_,16.91831025,-20.5345398
1001,Godsmack,10.39357814,-15.69576143
1002,Miami_Heat,-21.12545774,6.146464988
1003,Attack_of_the_Show,9.176587053,-30.41374083
1004,GoFishn,-24.06612788,-10.72872191
1005,Cradle_of_Filth,12.13657635,-17.08583041
1006,CRAFT_Magazine,-7.520453102,19.20273573
1007,Expedia,21.75068936,28.25688803
1008,AT_T,-0.310656217,-37.59468954
1009,I_3_Basketball,-19.53255427,5.320192574
1010,mark_girl,4.92113081,29.30299421
1011,La_Academia,33.878019,8.980624457
1012,NOOK,-8.29074286,20.12695001
1013,P90X_,-3.890306317,14.37053538
1014,Racer_X_Illustrated,-19.97083454,-9.870752936
1015,San_Fernando_Valley_Relics,1.60229406,-11.72267304
1016,AT_T_U_verse,-4.520860146,3.074396339
1017,Tabatha_Coffey,6.142504513,16.67516359
1018,Gogol_Bordello,4.074658026,-22.92550613
1019,Tabatha_Takes_Over,5.999497709,16.38265018
1020,Tackle_Warehouse,-24.11845688,-10.56560768
1021,Vampire_Knight,22.62088163,-6.835672355
1022,Vampires_Everywhere_,18.08280135,-19.77425981
1023,GoJane,4.148231516,31.42024664
1024,Pablo_Francisco,3.761055211,-9.179020174
1025,Auburn_University,-28.39552707,4.833634531
1026,Pacific_Science_Center,2.034202381,9.231438144
1027,Audi_USA,11.00160677,-0.789530796
1028,Vampire_Wars,-5.797790289,-6.98074053
1029,Craig_Owens,17.53612035,-20.67512846
1030,Taco_Bell,14.60004112,-8.127724532
1031,Golden_Corral,-1.049175763,10.98245145
1032,Crate_and_Barrel,-6.604748592,20.71966525
1033,Vampire_Weekend,6.662040372,-22.47928825
1034,Gold_s_Gym,-6.260811675,0.953025921
1035,Vancouver_Canucks,-16.805052,-0.625512887
1036,Rachel_Zoe,7.949417477,27.98157224
1037,Gold_Silver_Pawn_Official_Fan_Page,-8.011422593,-3.270622545
1038,Crayola,-11.74326288,28.69382656
1039,Goldstar,1.501773043,-11.45743658
1040,Crazy_8,-15.9886428,23.96862579
1041,PAC_MAN,10.46656349,-27.04451612
1042,August_Burns_Red,15.77639125,-20.24490728
1043,Radio_City_Christmas_Spectacular,-2.444686274,2.629328015
1044,PacSun,15.14181009,-8.886175544
1045,Auntie_Anne_s,-3.682405035,1.177909632
1046,Golf_Channel,-9.897007148,4.739372665
1047,Radiohead,5.901325308,-21.45793049
1048,Auschwitz_Memorial_Muzeum_Auschwitz,-8.417241431,-21.42823753
1049,Taco_Bueno,-34.80567845,-4.834679724
1050,Lacoste,12.09484984,25.76204876
1051,Palladia,-1.656749144,-3.930540156
1052,Australia,21.63564039,20.82141438
1053,Palm,-0.337615889,-37.7492551
1054,Crazy_Horse_Memorial,-6.504393281,-6.350097918
1055,Taco_Cabana,-34.83577633,-4.813374807
1056,Taco_Casa_Tuscaloosa,-28.8477957,4.783759617
1057,Creation_Museum,-26.5053748,21.83323636
1058,Taco_Johns,-3.570406228,-6.421014185
1059,Go_Magic,-22.11582657,5.824496286
1060,Avant,13.11078999,9.736187839
1061,Pal_s_Sudden_Service,-27.04169528,2.956714312
1062,Radiolab,-1.720966263,-23.54510894
1063,Avatar,11.43242851,-27.12732082
1064,Radiology_Technologists,-6.261071666,0.340701427
1065,Tacori,5.398706791,30.47026337
1066,I_Am_Number_Four,21.02160896,-7.640925426
1067,Creative_Memories_Home_Office,-10.60920588,21.22755562
1068,Pamela_Anderson,22.40365464,3.125934666
1069,I_Am_Second,-28.08409655,20.40322647
1070,Avatar_The_Last_Airbender,20.07941064,-12.01481839
1071,Aveda,4.197320282,27.26175773
1072,RadioReference_com,-7.951870162,-3.231650503
1073,Good_Charlotte,16.94268381,-17.15299384
1074,RadioShack,-8.136672886,1.548495887
1075,Creative_Recreation,10.44323039,4.408287709
1076,Avenged_Sevenfold,13.74114271,-17.75129313
1077,Iams,-8.281447453,-8.299250235
1078,Good_Day_Oregon,-5.778157151,2.142737572
1079,Raekwon,10.16709596,6.870830823
1080,TAEYANG,20.30368959,-2.940657755
1081,Ian_Somerhalder,23.35882033,-4.702903652
1082,Taio_Cruz,23.79152694,1.448286734
1083,CREDO_Mobile,-6.001755492,-23.32315819
1084,iCarly,24.31549862,-9.839776781
1085,Rafa_Nadal,28.66558927,11.73142271
1086,Pampers,-16.12623976,23.76532139
1087,Naimie_s,4.873733156,30.56313984
1088,Van_Halen,9.674467515,-14.76896069
1089,Vans,11.64383146,-8.131076117
1090,Panama_City_Beach,-28.57459949,4.407852526
1091,Namco_Bandai,10.34355921,-29.37571721
1092,Takers,12.76509656,8.761646608
1093,Good_Morning_America,-8.671274209,-16.1761431
1094,Taking_Back_Sunday,17.28421606,-19.61634847
1095,A_Very_Potter_Musical,22.70348082,-6.141137602
1096,Vans_Warped_Tour,17.67631443,-20.63721068
1097,AVG_Technologies,-0.058395547,-37.62336438
1098,Panda_Express,-2.406002175,1.554054826
1099,Nancy_Ajram,26.76081756,16.32087303
1100,Ragu,-11.3709778,33.53921164
1101,Pandora_Boxx,3.890846233,16.2520972
1102,Raheem_DeVaughn,13.76975749,11.79035552
1103,Nancy_Alvarez_,34.39772878,10.30824976
1104,TALBOTS,-6.328497069,21.10027331
1105,Railroad_Earth,2.286458156,-20.41767955
1106,Nancy_Drew_PC_Games,20.84329246,-6.815288857
1107,Avon,1.194068253,4.673074923
1108,Tales_from_the_Crypt,1.564316047,-5.498279261
1109,Talib_Kweli,10.87974669,6.911941092
1110,Rainforest_Cafe,-1.641008712,2.329759513
1111,Talladega_Superspeedway,-20.2555565,-6.043037093
1112,Nancy_Grace,-14.66219079,-23.68822063
1113,Pandora,4.183074463,27.53337227
1114,Raising_Cane_s_Chicken_Fingers,-6.502684865,-0.643158413
1115,Good_Records,-36.14357403,-5.77044114
1116,Rajon_Rondo,-21.7739167,2.95758896
1117,Creed,10.24070147,-15.0147976
1118,Ice_Cube,11.24057503,5.694800788
1119,Creflo_A_Dollar,-28.98576385,21.7390286
1120,Avoya_Travel,21.57429876,28.68539062
1121,Pandora,-5.104207005,-3.155136656
1122,ICEE,18.6441299,-6.483453387
1123,Lacuna_Coil,11.48274222,-16.20111588
1124,Panera_Bread,-8.165314737,19.39219118
1125,Avril_Lavigne,24.4681161,0.182588926
1126,Ice_Fishing,-24.73875771,-11.22398332
1127,TAMIA,13.30586581,10.9287049
1128,Ralph_Engelstad_Arena,-26.61700171,-5.079848666
1129,Lady_Antebellum,-19.62242482,-23.38395018
1130,I_CHEW_MY_ICE_CUBES,19.96761815,-9.357098964
1131,Panic_At_The_Disco,18.67890795,-18.92532694
1132,Tampa_Bay_Lightning,-18.30369595,-1.052292351
1133,V_ctor_Manuelle,34.16999421,10.18862897
1134,Rammstein,12.33199009,-15.91522996
1135,Pantene_North_America,-10.79201227,32.5716244
1136,ideeli,4.981823871,30.21340675
1137,Ramona_Singer,6.386319586,16.8469032
1138,Crest,-1.729643745,6.686027471
1139,Vdara_Hotel_Spa_Las_Vegas,21.81122716,28.41206946
1140,Cricket_Wireless,-3.617218641,0.467065909
1141,Good_Things_Utah,-14.53388717,1.73158593
1142,Pantera,10.89993128,-17.3691349
1143,Awesome_Video_Games,10.88966565,-31.71588974
1144,Goofy,-13.92130261,-13.7474022
1145,LA_Galaxy,23.38696868,12.41776865
1146,Google_Chrome,1.055152,-38.23130686
1147,Tanger_Outlets,-13.06592008,23.24227708
1148,VeggieTales,-24.97009273,22.0018402
1149,Google_Fiber_for_Fresno,1.800414203,-11.94664663
1150,A_W_Restaurants,-7.279762023,30.03179422
1151,Goo_Goo_Dolls,3.017173153,-6.367370124
1152,Tangled,22.91230502,-10.61417744
1153,A_X_Armani_Exchange,11.10893409,26.08806791
1154,Papa_John_s_Pizza,-3.949663963,8.868500322
1155,Criss_Angel,10.44268684,-13.82379011
1156,VenicetheSeries,-16.55300556,-26.12104102
1157,Ram_Trucks,-18.96330038,-10.41040991
1158,AXE,13.93699369,-8.040286658
1159,Venus_Williams,11.40323389,11.83394634
1160,Papa_Roach,12.84758135,-17.24330567
1161,Ramsey_and_Pablo,-8.725565549,-8.892690607
1162,Vera_Bradley,-10.16430646,21.42439661
1163,Crock_Pot_Slow_Cooker,-13.08633112,33.52144006
1164,Gooseberry_Patch,-15.18316029,34.04282512
1165,Crocs,-13.16727545,23.08301739
1166,Ranbir_Kapoor,42.27610277,-1.757971613
1167,Papers,-4.779988512,-21.8252452
1168,Ayn_Rand,-26.07941233,-18.19559374
1169,Cross_Fire,12.41406381,-29.0667826
1170,Verizon_FiOS,-5.212719569,-3.424147276
1171,Rancid,11.92882774,-19.11415497
1172,Tank_Girl,7.461933455,-24.9185529
1173,Goosie_Girl,-15.42248615,23.34754356
1174,Tantric,10.06858837,-14.98830613
1175,Laila_Ali,12.9753378,11.54416814
1176,Aziz_Ansari,5.021248305,-23.40994253
1177,Pappadeaux_Seafood_Kitchen,10.58478173,11.67573755
1178,Pappasito_s_Cantina,-34.80452712,-4.840964175
1179,LA_Ink,2.603267306,-5.846534813
1180,Rand_Paul,-26.43173684,-17.46664307
1181,Parachute,19.60546642,-17.87972152
1182,Tapatio_Hot_Sauce,1.72259526,-12.12987361
1183,Nancy_Pelosi,-7.953152202,-21.3371317
1184,CrossFit,-4.008887319,14.46588023
1185,LAKE_GEORGE,-3.719196239,-1.673445762
1186,Tap_Tap_Revenge,22.04522998,-13.46719322
1187,Verizon_Wireless,-0.362674029,-37.53296358
1188,Naomi_Klein,-6.152942141,-23.03051663
1189,B96,1.522407001,21.2110411
1190,Paranormal_Activity,19.08445315,-6.700643505
1191,IDGAF,14.54374474,-8.643577104
1192,Lakeland_Florida,-9.914078044,-2.16261572
1193,Na_Palm,9.178042913,3.095082887
1194,Taraji_P_Henson,14.06858064,11.76992232
1195,Idlewild_SoakZone,-18.05943222,13.28669323
1196,Paranormal_State_on_A_E,-10.5167853,-10.61065801
1197,Lake_Metroparks,-20.53353293,12.02211027
1198,Tastefully_Simple_Inc_,-11.19549604,20.6474787
1199,NAPP_Photoshop_User_Magazine,-1.988454007,-38.8569106
1200,Randy_Jackson_Presents_America_s_Best_Dance_Crew,18.77459194,-5.893294087
1201,Idris_Elba_Fan_Page,14.05678575,12.28661733
1202,Randy_Moss,-22.08981604,2.442878533
1203,Parazit_,27.34662628,18.93294276
1204,Randy_Rogers_Band,-36.95010624,-3.155329173
1205,Taste_of_Home,-15.20137976,34.04811685
1206,If_200_000_people_join_my_mom_will_quit_smoking_,19.98328977,-8.919873138
1207,Range_Rover_USA,8.927171857,-2.60725524
1208,GoPro,-13.34989985,-6.398356679
1209,Vermont_Maple_Syrup,4.454944019,-0.622079243
1210,IFC,3.610551952,-23.33832996
1211,Ranger_Up_Military_and_MMA_Apparel,-24.68133999,-14.05363015
1212,Lalah_Hathaway,13.75612881,12.71189741
1213,Verragio_Engagement_Rings_and_Wedding_Bands,5.480381436,31.07283076
1214,Naptown_Roller_Girls,-8.458516741,8.195024108
1215,CrowdStar,20.76801123,-8.605298711
1216,Lamar_Odom,-1.212836235,-10.04649561
1217,Crown_Center,-6.678293966,6.779266073
1218,Parenthood,-15.79087419,-27.57398235
1219,LaMarr_Woodley,-15.82174273,12.14707477
1220,NARS_Cosmetics,6.564086902,29.5736971
1221,VersaEmerge,18.56193123,-19.68685075
1222,Gordmans,-0.568016506,4.809195596
1223,Parents_Magazine,-16.29906858,24.02184781
1224,Cruise_com,21.5449582,28.81038699
1225,Gorillaz,9.031515,-25.09272038
1226,Naruto,12.30765618,-26.98821491
1227,VEVO,22.3910258,1.966955074
1228,NAS,11.04544551,6.562377548
1229,iHoops,-19.43741549,5.345540476
1230,NASCAR,-20.83216881,-6.073891877
1231,RA_RA_RA_AH_AH_AH_ROMA_RO_MA_MA_GAGA_OOH_LA_LA,22.27281817,2.490675302
1232,R_A_Salvatore,9.658263047,-28.02833233
1233,Paris_Baby,-15.3049507,21.48943341
1234,Babies_R_Us,-16.50340176,24.34003589
1235,Rascal_Flatts,-19.46381735,-23.68034062
1236,VH1,6.612040445,4.992433266
1237,IHOP,-3.197173387,1.228155194
1238,iJustine,22.3386668,-13.19564002
1239,Paris_Hilton,21.21220388,2.833011087
1240,Tasty_Tacos,-6.209582634,1.056162541
1241,Lamb_of_God,12.05083581,-17.28770259
1242,TATIANNA,3.891273862,16.23713881
1243,Paris_Las_Vegas_Hotel_Casino,21.79131036,28.72775801
1244,Tattered_Cover_Book_Store,-3.524216461,-23.16463522
1245,Landon_Donovan,23.50458999,12.41784555
1246,RAYGUNshirts,-3.403023424,-6.814261376
1247,BabyCenter,-16.2081244,24.06053094
1248,Gossip_Girl,21.22220075,0.989984892
1249,Lands_End_Canvas,-5.125677838,28.5099634
1250,Ray_J,12.87276292,9.07602736
1251,PARIS,21.73137769,20.54275638
1252,Lane_Bryant,-12.59293547,27.48681476
1253,Parking_Wars,-3.535857784,-0.685068357
1254,Parks_and_Recreation,5.140828516,-24.37847079
1255,i_like_my_music_LOUD,13.65907277,-17.41202609
1256,Gossip_Girl,21.68151127,1.261835093
1257,Ray_Lamontagne,2.966904737,-22.37540612
1258,Vibram_FiveFingers,-4.040596624,13.99382552
1259,Ray_Lewis,-12.0992732,11.94924504
1260,Parrot,-1.559876354,-40.27172087
1261,Vicki_Gunvalson,6.395153792,16.8373132
1262,GourmetGiftBaskets_com,-5.106244145,28.47015176
1263,Rayovac,-8.383430078,30.18780518
1264,Governor_Chris_Christie,-26.60502292,-17.37870249
1265,Party_City,1.023515654,-1.259619358
1266,Ray_Rice,-12.13541594,12.02687006
1267,I_Love_Being_Black,14.31653276,11.04946023
1268,Victoria_and_Albert_Museum,-3.280628008,-25.45789479
1269,NASCAR_RacePoints,-19.8978973,-6.422040635
1270,Ray_William_Johnson,13.57591143,-31.13373362
1271,La_Palmera,-6.920433,-1.712704609
1272,PartyLite_Gifts,-13.34437928,22.79763711
1273,Crysis,9.594940009,-33.74069781
1274,Governor_Jan_Brewer,-27.76982154,-16.91724978
1275,LARABAR,-7.690529947,18.24832805
1276,Baby_Half_Off,-15.69422858,25.24819029
1277,Victoria_Justice,24.40089157,-9.055560447
1278,Nashville,-29.12530712,2.046357058
1279,Passion_268Generation,-27.44402805,20.87646812
1280,Crystal_Bowersox,-17.58538345,-24.44458411
1281,LaRosa_s_Pizzeria,-24.45625888,11.40153895
1282,Crystal_Castles,6.6080434,-22.16645806
1283,La_Roux,20.83478941,-0.426751145
1284,CSI_Crime_Scene_Investigation,-16.32156406,-26.65639353
1285,Larry_Fitzgerald,-16.98673698,2.916715592
1286,Passion_Pit,6.495795174,-22.19694825
1287,CSI_Miami,-17.05692401,-27.13389774
1288,Razer,9.578730707,-33.83800998
1289,I_Love_Boating,-22.0843714,-10.76676355
1290,Baby_Phat,12.14261085,9.792596195
1291,Larry_King,-8.05403681,-17.44212745
1292,Natalie_Dee,4.059826577,-23.31030103
1293,Natalie_Grant,-27.41663324,21.24517617
1294,Victoria_s_Secret,8.623363288,30.67076826
1295,Tattoos_by_myttoos_com,9.080601601,-13.58923993
1296,Grace_Potter_and_the_Nocturnals,2.345914561,-21.06790432
1297,Natalie_Portman,23.24950604,3.703156833
1298,Natasha_Bedingfield,22.73318111,2.022869644
1299,I_Love_Christmas,-3.118081384,1.044763989
1300,Backcountry_com,-12.58296598,-5.804857031
1301,Larry_The_Cable_Guy,-21.00193329,-11.34823239
1302,RCRD_LBL,5.11216346,-22.70501796
1303,Cuba_en_Fotos,33.40814134,11.15386414
1304,I_Love_College_Hoops,-12.39565544,7.599554192
1305,Grandfather_Mountain,-26.91894627,3.018234974
1306,PASTOR_E_A_ADEBOYE,25.01127314,13.46052586
1307,Nate_Robinson,-19.43914352,4.79951592
1308,Last_Day_of_School,18.49188905,-9.781703675
1309,Late_Night_with_Jimmy_Fallon,-2.191499295,-4.068306278
1310,NatGeo,32.66285585,10.96949838
1311,I_Love_Halloween,0.282476817,-1.611065327
1312,Backstreet_Boys,25.8367628,3.406829995
1313,Pastor_Jamal_Bryant,13.89689217,13.77234106
1314,Taurus_Horoscope_by_DailyHoroscopes_net,-1.083505424,1.773693243
1315,Late_Show_with_David_Letterman,-7.69756691,-16.56577702
1316,Grand_Hotel,-9.448438406,2.599680078
1317,Pastor_John_Hagee,-26.63847885,22.07323735
1318,Back_To_the_Future,9.794834915,-27.9758837
1319,Tavis_Smiley,11.27362039,13.39078774
1320,Pastor_Mark_Leonard,-28.18372394,21.56604581
1321,Victoria_s_Secret_Pink,8.543435784,30.66913647
1322,RCR_Racing,-19.80069146,-6.504547404
1323,Bacon_Hot_Sauce,-2.960879927,1.271470766
1324,Latin_Burger,-9.634755708,-2.015884336
1325,Grand_Ole_Opry,-19.80069386,-23.26137166
1326,Pastor_Rick_Warren,-27.42486467,21.45787435
1327,Cubbies_Baseball,0.830302036,21.7086392
1328,ReactGear,-24.86933517,-13.98336101
1329,Bad_Kitty,-8.464519062,-8.519582039
1330,I_Love_My_Dad_by_We_re_Related,6.896923163,3.084908957
1331,National_Aeronautics_and_Space_Administration_NASA,-3.852263291,-26.66354602
1332,Cub_Foods,-26.02034704,-5.175449617
1333,Victorious,24.44130855,-9.330023777
1334,Baked_by_Melissa,-2.22037616,3.735064016
1335,RealD_3D,19.66668279,-8.527846498
1336,I_love_my_dog_by_AnimalSocial_com,-7.444959462,-7.318425853
1337,Grand_Rapids_Griffins,-11.69604735,2.736748056
1338,I_Love_My_Dog,-10.49757417,-10.31524602
1339,Baker_s_Drive_Thru,1.733418845,-11.94081282
1340,Bakers_Shoes,6.679115354,32.02177393
1341,Real_Housewives_of_Atlanta,15.63168752,11.15063353
1342,Real_Housewives_of_New_Jersey,6.355522407,16.80296638
1343,Pastor_Shirley_Caesar,13.86500191,13.76864966
1344,Real_Housewives_of_New_York_City,6.380193552,16.83879532
1345,TaylorMade_Golf,-9.86014456,4.728443853
1346,Patagonia,-12.4921315,-5.756215285
1347,Real_Housewives_of_Orange_County,6.389439993,16.83812389
1348,Balboa_Park,1.828860946,-10.68083967
1349,Laughing_Squid,-1.473398082,-23.24818714
1350,Pat_Metheny,-3.180203169,-22.26332488
1351,Real_Salt_Lake,-15.31293137,3.093419038
1352,Pat_O_Brien_s_Bar,-5.096331507,0.545676755
1353,Patricia_Cornwell,-8.720307532,-8.887314129
1354,I_Love_My_Grandma_by_We_re_Related,-0.980553744,0.395134827
1355,Bally_s_Las_Vegas,22.09709792,28.66705203
1356,I_Love_My_Husband_by_We_re_Related,-0.517688679,3.810191629
1357,I_Love_My_Mum_by_FamilyShare_com,27.11319582,3.535965513
1358,Granite_State_of_Mind,5.198039564,-0.395434524
1359,Vince_s_Spaghetti,1.702856105,-11.50744106
1360,Vindictus,11.18349249,-32.33120138
1361,Gran_Turismo_5_GT5,11.34098494,-3.566708002
1362,Baltimore_Ravens,-12.17783314,12.05158027
1363,Gran_Turismo,11.3573487,-3.565679797
1364,Patrick_Star,19.28159919,-9.902063557
1365,Grateful_Dead,2.140344582,-20.55327884
1366,Vin_Diesel,24.12774782,4.760524467
1367,Patton_Oswalt,3.814225721,-23.54469619
1368,Vinnie_Paul,10.51560484,-16.69675135
1369,Great_Smoky_Mountains_Association,-29.67117801,2.316243786
1370,Patty_Griffin,2.225912079,-22.34735979
1371,National_Air_and_Space_Museum_Smithsonian_Institution,-4.096311845,-23.98212105
1372,Vintage_or_Tacky,4.806593909,30.36975346
1373,Pau_Gasol,-1.256524925,-10.09137132
1374,I_Love_The_Ocean,-1.359102474,-1.117782197
1375,Virgin_America,22.35538912,29.70452179
1376,Real_Simple,-7.377169874,19.53353896
1377,National_Finals_Rodeo_2009,-12.88959475,-9.783754317
1378,I_Love_the_Sound_of_Pouring_Rain_Showers_Thunderstorms,0.11484184,-0.220607163
1379,I_Love_Twilight,42.33683803,-0.755095774
1380,Paula_Deen,-15.35088953,34.07694326
1381,Virginia_Beach_Visitors,-2.089342413,0.817777844
1382,National_Geographic_Channel,-8.658632391,-10.93840744
1383,Great_Wolf_Lodge,-13.58642518,20.36438983
1384,Realtree_Outdoors_,-24.10744096,-10.88619808
1385,Virginia_Beach_Sandbridge,-1.422417867,-1.464624206
1386,Virginia_is_for_Lovers,-7.256674229,3.287763083
1387,Greek,23.02450337,-3.936885145
1388,National_Geographic,-3.540380274,-26.26568533
1389,Green_Bay_Packers,-28.0896459,-4.862378217
1390,IMAX,-3.034399112,-0.155496354
1391,Reba_McEntire,-19.3534499,-22.90795395
1392,Team_Chevy,-19.99103416,-6.576548973
1393,Paula_White,-28.88765989,21.71255828
1394,Laura_Geller_MakeUp,3.659033094,29.87707382
1395,Bama_Fanatics_,-29.48959553,5.58134472
1396,Visit_Japan,1.251750737,-3.797364136
1397,Bambi,0.423200908,-1.376945688
1398,Laura_Ingraham,-26.90238119,-17.20436884
1399,Team_Edward,22.86616714,-8.003140766
1400,Paul_Jr_Designs,-18.48053045,-9.202971929
1401,Paul_McCartney,3.220718755,-6.694813413
1402,Bam_Margera,9.826631326,-12.93775008
1403,Rebelution,9.042774402,-9.023640328
1404,Team_Fortress_2,10.37377307,-32.27127165
1405,Green_Day,16.76970855,-16.85794923
1406,Team_Garmin_Sharp_Barracuda,-4.04116443,13.47967439
1407,Paul_Oakenfold,15.13135666,0.838577211
1408,Banana_Peels_Diapers,-15.64654941,24.77737537
1409,visitPA,-17.04244564,14.23451584
1410,Reckless_Kelly,-36.92103035,-3.167343917
1411,IMDb,6.625218803,-26.76585782
1412,Laura_Mercier_Cosmetics,5.873271299,29.87252254
1413,Recyclebank,-11.49715635,29.4446757
1414,Laurell_K_Hamilton,-7.672055904,-9.805361964
1415,Banana_Republic,5.703438767,29.55157347
1416,Paulo_Coelho,32.14086512,13.07202889
1417,Team_Jacob,22.99932211,-8.440269253
1418,Red_Baron_Pizza,-11.56997479,33.75182215
1419,RadioShack_Nissan_Trek,-4.063222984,13.44830985
1420,Banda_El_Recodo,33.17832269,9.484509644
1421,Green_Hornet,0.768068897,-3.402191147
1422,Redbox,-12.73572845,27.71512454
1423,Green_Lantern,9.645524596,-27.8759024
1424,Green_Works,-12.68838786,25.97656503
1425,Gregg_Braden,-8.812146585,15.36341356
1426,Team_Twilight,23.96682784,-5.72663092
1427,Law_Order_Special_Victims_Unit,-16.27725472,-26.57753453
1428,Greg_Laurie,-27.53194229,22.08618491
1429,vitaminwater,-1.776085333,0.495265172
1430,RED,-2.08332869,-2.551514738
1431,Layla_Grayce,-10.70347263,23.3858887
1432,Red_Eye_w_Greg_Gutfeld,-26.29320699,-17.21753381
1433,Greta_Van_Susteren,-26.65973359,-17.21800929
1434,Paul_Pierce,-21.78463181,2.93228029
1435,Red_Green,-22.0602736,-13.24912141
1436,Imogen_Heap,6.36042788,-22.63740545
1437,LBI,-16.96876275,14.35602976
1438,Red_Heart_Yarns,-7.607156077,19.50509434
1439,Vizio,-4.97074952,-2.739895974
1440,Paul_Van_Dyk,15.40259725,0.995741845
1441,League_of_Legends,9.308344812,-31.69591919
1442,National_Guard,-22.27026313,-12.55325269
1443,Culver_s,-25.73657005,-5.178291222
1444,VNV_Nation,8.131613644,-25.79623049
1445,Imo_s_Pizza,-7.331132297,8.561271172
1446,Vocalpoint,-10.60245478,29.86105707
1447,Paul_Wall,11.57715066,5.339119856
1448,Cumberland_Farms_Chill_Zone,4.980628065,-1.476765005
1449,Pawn_Stars_on_History,-21.71626221,-12.0791432
1450,Lean_Cuisine,-12.36444016,35.64758639
1451,LeAnn_Rimes,-17.77158134,-24.29445261
1452,LeapFrog,-15.94962866,23.7235669
1453,Impress_Rubber_Stamps,-7.602327724,19.86318227
1454,Pay_Josh_Cribbs_,-21.10056131,11.66365949
1455,Cupcake,-4.814578667,1.164962198
1456,I_m_shorter_than_5_9_,19.45198231,-7.673774033
1457,Payless_ShoeSource,-0.549140355,4.899023786
1458,IMVU,19.98481073,-9.5139813
1459,Red_Hot_Chili_Peppers,11.33793679,-14.08638969
1460,Band_of_Brothers,-20.4399628,-16.17656367
1461,Red_Lobster,-3.464269903,1.775683802
1462,LeatherUp_com,-22.74758033,-15.31827178
1463,PBS_History_Detectives,-4.303854886,-23.70777611
1464,Band_of_Horses,5.275586244,-22.53817467
1465,Lebowski_Fest,3.579954314,-23.01328065
1466,Red_Mango,1.270111243,-1.208347102
1467,Volkswagen_Canada,9.630791803,-2.526881942
1468,Bandoo,32.81292226,12.0087797
1469,Inception,9.234135256,-27.01232077
1470,Bandra_Worli_Sea_Link,43.57940551,-1.316461957
1471,PBS_KIDS,-13.47003745,22.20968024
1472,Gretchen_Rossi,6.376367955,16.82615349
1473,Cupcake_Royale,1.89940059,9.267057809
1474,LEBRON_IS_BETTER_THAN_KOBE_by_freshbrewedtees_com,-20.82481015,9.125551442
1475,Incredible_Edible_Egg,-12.86312481,34.66797939
1476,Redmond_Pie,-0.861574297,-40.56593809
1477,LeBron_James,-20.48493861,6.902792925
1478,VOLT_Restaurant,-6.600777511,18.39866618
1479,Volvo,9.318975426,-2.549366135
1480,Gretchen_Rubin,-7.520024173,18.42790717
1481,Cup_Of_Joe_For_A_Joe,-22.20142956,-16.38308544
1482,Team_Umizoomi,-13.42880413,22.74048226
1483,Incubus,11.83683623,-19.89010319
1484,Teavana,-7.355971698,19.25242044
1485,PBS_NewsHour,-5.796889721,-23.39905892
1486,Independent_Lens_PBS,-5.083608574,-23.46391636
1487,Greyson_Chance,24.53582246,-8.113714367
1488,National_Museum_of_American_History,-4.281201467,-23.7510595
1489,TechCrunch,0.184647726,-39.50381772
1490,Lecrae,-28.05592867,20.99186508
1491,Grooveshark,0.411045065,-37.18920693
1492,Bank_of_America_Chicago_Marathon,-3.418141,14.56470051
1493,Group_1_Crew,-27.49021072,20.44142011
1494,VPI_Pet_Insurance,-9.294387989,-9.602648327
1495,Barbie,5.896932954,27.30002569
1496,Ledisi,14.09949938,12.72984131
1497,National_Museum_of_the_Marine_Corps,-23.22987655,-16.22159174
1498,Grown_Ups,16.58057049,-5.09374575
1499,G_Shock,9.776824244,4.300487709
1500,GT_Distributors,-24.87528918,-13.97157201
1501,VTech_Toys,-15.59013947,23.48228062
1502,India_Arie,13.43330671,12.4695543
1503,Gucci_Mane,12.73578237,4.871091102
1504,Re_Dress_Online,10.06417471,12.70516105
1505,Indianapolis_Colts,-10.21227692,9.483200624
1506,Curb_Your_Enthusiasm,4.735507293,-23.49856465
1507,National_Naval_Aviation_Museum,-23.38733647,-16.18538271
1508,GUESS,9.978627526,28.08615593
1509,Barbra_Streisand,-4.308940663,-19.63621085
1510,Volkswagen_USA,9.074406139,-2.647487156
1511,Cure_for_Lupus,-4.553730196,6.319011582
1512,Curious_George,-13.58084517,20.45590445
1513,Guideposts,-25.49426037,20.57333754
1514,Red_Robin_Gourmet_Burgers,-3.28617463,1.382612227
1515,P_C_Cast,21.9814479,-5.651610418
1516,RED,-26.96789396,19.70592399
1517,PC_Gamer,9.765346096,-33.08490439
1518,Curtis_Granderson,-11.87662441,2.861594151
1519,WABC_TV_Channel_7_Eyewitness_News,-8.461845393,-16.0566937
1520,Left_4_Dead_2,10.89386118,-31.97814806
1521,Left_4_Dead,11.22527693,-32.11611694
1522,Red_Sox_Nation,5.436478368,-0.175777528
1523,Legend_of_the_Guardians_The_Owls_of_Ga_Hoole,20.73212458,-7.090026621
1524,Legend_of_the_Seeker,-5.622432637,-7.47837223
1525,Red_Velvet_Cake,-2.599575217,0.857287546
1526,Red_vs_Blue,11.40373639,-31.9106259
1527,National_Rifle_Association,-25.49706508,-14.63393194
1528,Cyanide_Happiness,9.410358493,-30.89871305
1529,LEGOLAND_California,0.008257642,3.224976293
1530,PC_Laptops,-14.67814718,1.965088251
1531,Redwolf_Airsoft,14.46698271,-33.13338546
1532,Cydia,-0.6448165,-40.19449058
1533,Cypress_Hill,8.997109267,-9.185780896
1534,Barclays_Football,25.655848,12.02967895
1535,Lehman_s,-6.729520195,19.45770984
1536,Disney_D23,-1.492283163,-0.250235985
1537,Reebok_Hockey,-15.9941776,0.137285904
1538,Infiniti,8.931176667,-2.608555954
1539,Peace_Corps,-4.503296141,-22.13194828
1540,Reed_Timmer_Meteorologist_and_Extreme_Storm_Chaser,-8.728533608,-3.344601919
1541,Lenka,24.90085391,0.659082848
1542,Daddy,-10.55792106,-10.48489735
1543,ING_Direct,-7.48074302,2.561876739
1544,Guild_Wars_2,10.35203999,-32.35717825
1545,BareMinerals_by_Bare_Escentuals,4.013121008,29.71500755
1546,Guitar_Center,10.17646502,-15.060544
1547,Peace_Love_Bieber,24.91115833,-8.648729977
1548,Tech_N9ne,11.37918271,4.358664807
1549,BarlowGirl,-27.30616053,20.57220937
1550,Guitar_Hero,13.57396589,-17.60897234
1551,Daddy_Yankee,34.22247669,8.060432012
1552,Lenny_Kravitz,12.01669383,-12.61411872
1553,Barnes_Noble,-8.212456109,19.97866515
1554,Reese_s,17.82513911,-6.85541316
1555,Leo_Horoscope_by_DailyHoroscopes_net,-1.880630233,3.00602207
1556,Reggie_Bush,12.0906879,9.039322205
1557,Ingrid_Michaelson,5.72797584,-23.33475427
1558,Guitar_Jamz,9.843416513,-15.03462283
1559,Inna,16.81325068,1.806598263
1560,Leona_Lewis,21.4466152,2.211710909
1561,BaronBob_com,-2.209869034,1.612790161
1562,Wachusett_Mountain,5.242368349,-0.388407123
1563,Leonardo_da_Vinci,-3.290001349,-25.78158005
1564,GUNNAR_Optiks,9.15526637,-32.91879805
1565,Leonardo_DiCaprio,24.00531305,4.373399527
1566,Regina_Spektor,6.218158753,-22.45891049
1567,Guns_N_Roses,11.78407402,-14.97181496
1568,Baron_Davis,-20.04059414,5.47191207
1569,Les_Stroud,-10.27124534,-4.722477954
1570,Wade_Bowen,-36.94325702,-3.152427337
1571,Barry_White,2.576851968,3.400198688
1572,Baseball_Talk,-11.00434785,5.244813424
1573,Let_Me_In,-6.538315568,-8.222963109
1574,Region_8_News,-22.94033341,-9.264503381
1575,Guns_Patriots,-25.72914461,-15.28102773
1576,Letters_to_God,-26.69779814,21.11027628
1577,Waffle_House,-5.525540387,0.362218224
1578,Daft_Punk,9.089923287,-25.19608249
1579,Natural_Chica,13.67720166,12.82540521
1580,Gus_Pretzel_Shop,-7.347588602,8.48918021
1581,Waiting_for_Superman,-3.868307819,-20.50894017
1582,Baseball_Youth,-10.99774895,5.147209071
1583,Guthrie_Theater,-26.2349704,-5.60295079
1584,Letters_to_Juliet,20.57250083,-6.165501066
1585,Natural_Hair_Rules_,13.60118179,12.7452245
1586,Guy_Harvey,-25.0574514,-9.27506765
1587,Basketball_Wives,15.33433939,11.004162
1588,Letters_To_Pushkin,-9.384620473,-9.684511902
1589,Waka_Flocka_Flame,12.51641155,5.061504264
1590,Leverage,-16.15025419,-26.72915666
1591,Baskin_Robbins,6.557798253,3.920303337
1592,Gwar,9.714349174,-16.18450182
1593,Insanity_,-3.885399586,14.44151808
1594,Levi_s,-1.126195034,10.97127227
1595,Wake_Up_with_Al,-4.910738518,-1.296084682
1596,Nature_PBS,-4.758504124,-23.54970521
1597,DailyCandy,4.287201844,27.42359853
1598,Gwen_Stefani,22.66949515,2.545607994
1599,Nature_s_Own,-7.967658472,30.46817207
1600,Gymboree,-16.06033097,24.01897087
1601,Basset_Hounds,-6.486976539,-6.367250655
1602,Dairy_Queen,-10.12347375,34.5103873
1603,Wale,12.60300216,4.715925334
1604,Nature_s_Path_Organic_Foods,-8.159395494,18.09387895
1605,Bass_Guitar,10.07000955,-15.12877305
1606,Gyptian,13.35242695,8.466599219
1607,Nature_Valley,-2.121339485,6.061580216
1608,Basshunter,12.22456689,-26.48974071
1609,Dale_Earnhardt_Jr_,-20.50205091,-6.109156414
1610,Nautica,-4.104111839,8.519650018
1611,Inside_Job,-6.20619012,-22.63596659
1612,GZA,10.11863699,6.866118591
1613,Half_Price_Books,-34.82551667,-5.187859299
1614,Inside_NASCAR,-20.04925329,-6.34149504
1615,Bass_Pro_Shops,-23.94910283,-10.69628566
1616,Navy_Exchange,-0.456232114,3.75772573
1617,Inside_The_NFL,-12.69935374,9.495224957
1618,Bath_Body_Works,-13.32573008,30.54858975
1619,Dallas_BBQ,10.50915949,11.60542027
1620,Levon_Helm,1.962454582,-20.82464503
1621,Insomniac_Games,10.69856614,-31.19664323
1622,Tech_Savvy_Agent,-3.216230387,-14.48670196
1623,Hallmark,-6.733905096,2.93184634
1624,Dallas_Cowboys_Cheerleaders_Making_the_Team,-6.67869683,-0.970300664
1625,Navy_Pier,0.751572284,19.99373379
1626,Dallas_Museum_of_Art,-35.69693319,-5.536851082
1627,Hall_Oates,-2.783577031,-2.024717233
1628,Peach_Rings,18.57232802,-7.591674755
1629,Institute_for_Integrative_Nutrition,-8.376597099,17.01811349
1630,Pearl_Jam,9.210788245,-17.49656355
1631,NBA_2K,-19.73414364,5.436519582
1632,Batik_Indonesia,25.58309094,0.949141357
1633,Lewis_Black,-3.741288184,-21.16750879
1634,Halloweenmovies,-1.073719016,-1.205324363
1635,Pechanga_Resort_Casino,1.665470201,-12.05902321
1636,Halo_Pets,-9.348992023,-9.619478302
1637,LEX_18,-25.10196997,9.918299057
1638,Close_Up,42.58074826,-2.6978545
1639,Pepsodent,42.40641872,-3.219154617
1640,Bajaj_Pulsar,41.95683148,-2.945863376
1641,Calvin_Klein,11.8121139,26.33056518
1642,Dior,11.81610749,27.16848118
1643,Donna_Karan_New_York,10.3633361,27.35606248
1644,A_C_Milan,27.70021205,11.39679562
1645,British_Airways,23.02316315,25.51069286
1646,Max_Bupa,42.36696293,-3.849062036
1647,Resultrix,41.35429212,-3.936190658
1648,Ducati,11.25150354,-1.36894568
1649,Fastrack,42.66240605,-2.510969967
1650,Pepsi_India,43.27353664,-2.676837718
1651,MINDLESS_BEHAVIOR,17.05450218,-1.066473118
1652,Puma,26.35730932,3.666251539
1653,Reebok,6.844804003,3.324797527
1654,Turkish_Airlines,22.92544082,24.92126728
1655,Umbro,25.91050163,12.31696658
1656,Adriana_Lima,20.76640004,3.403698115
1657,Afrojack,15.23716793,0.901111941
1658,Akshay_Kumar,41.99723342,-1.730434317
1659,Al_Ahly,26.66471055,15.24760789
1660,Cesc_F_bregas,25.80731495,11.84552795
1661,Chamillionaire,11.76230142,5.136645
1662,Children_Of_Bodom,12.13734045,-17.24093982
1663,AMO_EL_FUTBOL_,31.01027729,9.466002758
1664,Ciara,18.48136944,5.282823246
1665,City_Of_Wonder,0.953727395,0.693526133
1666,CM_Punk_WWE_Universe,0.76736271,-6.152233949
1667,GEET,42.20604405,-2.006500303
1668,George_Clooney,32.63644008,12.240099
1669,Cody_Simpson,24.92329236,-8.315092133
1670,Arash,27.32313385,18.79491573
1671,Combat_Arms,12.97625816,-31.42707963
1672,Cornetto,42.38813005,-2.654657951
1673,Corny_Pickup_Lines,14.90015294,-8.777516354
1674,Campus_Calling,41.49420172,-2.59413038
1675,Assassin_s_Creed_2,11.55627728,-30.04744809
1676,God_Of_War_3,11.45109383,-30.30931739
1677,GoD_OF_WaR,11.92372727,-30.23542731
1678,Reliance_Global_Call,40.71098864,-2.263728266
1679,I_3_Converse_D,33.32298379,7.586440882
1680,Crazy_cabbie,20.24368033,-9.873359353
1681,AVATAR,24.47383389,5.206494196
1682,Vanessa_Hudgens,23.60983934,-1.470318928
1683,Vegeta,12.71348594,-28.2024993
1684,I_HATE_YOU,19.36048512,-3.377236181
1685,Baby_Bash,10.72687702,5.179234553
1686,Rat_City_Roller_Girls,2.105869543,9.182096193
1687,I_Love_Delhi,41.94455252,-2.22465504
1688,I_love_Lebanon,26.70851859,16.07096347
1689,Cules_de_FC_Barcelona,29.23003702,10.52081093
1690,Team_Bieber_3,24.92886021,-8.63857035
1691,I_Love_Tehran,27.3473919,18.91947563
1692,Barbizon_Modeling_and_Acting_Schools,21.98494907,-8.588790801
1693,Barcelona_2020,29.13397443,10.80285773
1694,Citibank_US,-3.272383197,3.956909316
1695,Pitney_Bowes,-6.794709998,-1.115281492
1696,L_Or_al_Paris_France,12.62984472,25.82249627
1697,Giorgio_Armani_Beauty,11.42540269,26.84786813
1698,Palazzo_Versace_VIP,11.65983892,26.70446161
1699,Parfums_GIVENCHY,10.83208669,26.99047303
1700,NINA_RICcI,40.85905323,0.046303425
1701,Hink_the_Butler_Bulldog,-9.264619893,8.63887265
1702,The_University_of_Chicago,-11.86883883,-19.29445826
1703,Carrington_College,-3.418967231,-3.413860115
1704,Cat_Products,-19.52598125,-9.535654109
1705,Citro_n_World_Rally_Team,11.57883521,-2.631592044
1706,DoubleTree_by_Hilton,21.28112554,28.39287071
1707,Emirates_Elite,23.26367076,24.82087876
1708,Fujifilm_Cameras,-0.982439051,-36.85258787
1709,Holiday_Inn,3.788785626,6.098728159
1710,Houston_Texans_Cheerleaders,-35.22511143,-3.721793601
1711,Capri_Sun,-2.031193888,5.248668529
1712,Kraft_Cheese,-11.56350481,33.25524833
1713,LCR_Honda_MotoGP_Team,11.64994425,-2.082628525
1714,Mizuno_Football,26.04323358,12.42688565
1715,Renault_F1_Team_Official,11.60343287,-2.567077978
1716,Sheraton_Hotels_Resorts,21.87796265,26.11207578
1717,Starwood_Hotels_Resorts_Worldwide_Inc_,21.5523277,26.3834817
1718,The_Toronto_Raptors,-21.03957385,4.440692206
1719,Westin_Hotels_Resorts,21.85813238,28.06588607
1720,YAMAHA_MOTOR_CORPORATION_U_S_A_,-19.77242898,-9.789222469
1721,Aaron_Fresh,17.10983688,-1.144506611
1722,Calling_Shotgun,15.18402227,-8.831022005
1723,Call_of_duty,11.69998294,-29.44993082
1724,Call_Of_Duty,11.96876654,-29.23005581
1725,Cancer_Horoscope_by_DailyHoroscopes_net,-0.565364482,1.248683014
1726,Capricorn_Horoscope_by_DailyHoroscopes_net,-1.260214494,1.723361855
1727,Adam_Sandler,24.06148282,4.689126481
1728,Adel_Ferdosipour_Fans,27.34871845,18.86340659
1729,Castles_N_Coasters,16.48843774,-6.356451981
1730,Cathy_Nguyen,24.74068689,-12.83422439
1731,Aguilucho_soy,34.82510866,9.970035765
1732,CCS,11.31010238,-8.008525793
1733,Alexis_y_Fido,33.08321197,8.666941477
1734,Al_Fondo_Hay_Sitio,33.24098412,8.687947966
1735,Al_Hilal_Saudi_Club,26.75133921,14.94649749
1736,Chase_Coy,19.58743796,-19.12923767
1737,All_Shall_Perish,15.11786191,-20.00563914
1738,Chicharito_Hernandez,32.52240338,9.090350053
1739,Chiddy_Bang,11.58284831,3.297475395
1740,AMIR_CHOCOLATE,27.34620392,18.88685099
1741,Christian_Beadles,24.85909858,-8.549080425
1742,CIAA_Tournament,12.40874082,13.79000387
1743,Ancient_Iran,27.36077782,18.91936347
1744,Gabytips,33.74695116,8.629898573
1745,Anime,19.62276465,-13.15659689
1746,Club_Atl_tico_Boca_Juniors,30.7592406,9.559660782
1747,Club_Santos_Laguna,32.16684132,9.279398142
1748,Anthony_s,34.15293043,9.866833149
1749,Antoine_Dodson,18.89676748,-7.563664662
1750,Gemini_Horoscope_by_DailyHoroscopes_net,0.099379425,1.871063858
1751,Cocaine_Cowboys,9.738408307,4.904875272
1752,Arcangel_prraaa,32.88418572,9.002563608
1753,Godfather_Airsoft,14.49208992,-33.1397074
1754,Armada_Skis,10.08580715,-7.267981979
1755,Gingy,18.82141504,-6.075727752
1756,Ginuwine,12.97827649,9.307173511
1757,Girls_4_Ganja,2.243316172,-6.069260453
1758,A_Rocket_To_The_Moon,18.91693602,-19.5625182
1759,Confedera_o_Brasileira_de_Futebol,28.74581863,11.12913554
1760,A_Skylit_Drive,17.32182267,-20.49783375
1761,Court_m_trage,26.76769945,16.02786754
1762,ATHLETIC_STAR,23.21280894,3.681483864
1763,Aubrey_Drake_Graham,12.55372993,5.97712786
1764,Radio_Javan,27.35483344,18.91940711
1765,La_C_scara_LaCascara_TV,32.87525565,9.095437279
1766,Golshifteh_Farahani,27.35150715,18.90185629
1767,Aventura,33.75688221,9.538157424
1768,Ichigo_Kurosaki_Fan_Club,19.39476697,-13.11785719
1769,Ladytron,6.095530025,-23.00398456
1770,VEIL_OF_MAYA,15.35774531,-20.11322534
1771,Googoosh_Music_Academy,27.35212467,18.90660831
1772,Tank,13.58989861,10.66699657
1773,Very_Mary_Kate,6.396916731,-23.63458463
1774,Cruz_Azul,31.75916321,9.213457153
1775,Gorilla_Zoe,11.54308583,5.210492821
1776,Gossip_Girl_Fansite_by_Wetpaint_com,21.99258498,1.113813507
1777,Vexika,-23.1798042,-16.27161882
1778,Rashard_Lewis,-21.94814841,5.786025285
1779,Rasputia,17.65332218,-4.008233896
1780,I_KILLED_THE_PROM_QUEEN,15.83478038,-20.0815492
1781,Pastor_Cash_Luna,35.05599815,9.042685448
1782,Nastia_Liukin,20.46793933,-6.33358062
1783,Tattoos_and_Tattoo_Art,9.486292154,-13.83167271
1784,Bacon_Egg_Cheese,2.61200808,-2.917600548
1785,I_LOVE_MY_BFF,21.56853913,-9.332528695
1786,Taylor_Gang,11.72873965,3.669717596
1787,Taylor_Momsen,22.84430064,0.51502832
1788,Virgo_Horoscope_by_DailyHoroscopes_net_,1.678127183,2.107789521
1789,Bananas_en_Pijamas,33.04377748,8.443201395
1790,LAVO_NYC,10.2650283,25.0740675
1791,Bandamax,33.33802209,9.42723177
1792,Viva_Barca,26.81639136,14.88541627
1793,Viva_La_Bam,9.758192683,-13.26290701
1794,Import_Tuner_Magazine,8.071553668,-3.623125622
1795,Volcom,11.58223108,-8.076517141
1796,I_m_sorry_I_love_you,19.91788806,-3.251860713
1797,Volleyball,19.51308989,-6.366404586
1798,INDEPENDENT_TRUCK_CO_,10.87284807,-8.086272957
1799,Lee_Harvey_s,-36.06160232,-5.637578088
1800,LEFT_4_DEAD_THE_MOVIE,11.45859885,-31.78103531
1801,Lemmy_Kilmister,10.48142879,-16.47658047
1802,Leopold_Butters_Stotch,10.81803249,-27.86098036
1803,TechnoMafia_Records,14.80761729,0.640188618
1804,Dahsyat,25.39138283,0.867337625
1805,Dahvie_Vanity,19.78816238,-19.03375372
1806,Lev_ntate,34.18991337,10.07518826
1807,Inside_Gaming,10.9912134,-31.92956626
1808,Peaches,5.550717371,-22.63774227
1809,ESCADA,11.29147525,27.39887027
1810,Boston_University_Athletics,5.337704379,0.098144873
1811,George_Mason_Athletics,-13.5757659,10.24708725
1812,Georgetown_Athletics,-13.9660482,9.569121094
1813,Princeton_University_Athletics,-4.850183258,-11.39164277
1814,UCSB_Athletics,0.948313454,-12.26215173
1815,UNLV_Athletics,-14.10724969,3.055353473
1816,Villanova_University_Athletics,-15.14331045,13.75806891
1817,American_InterContinental_University,2.224689782,0.588077541
1818,Cleveland_Browns_beating_the_Steelers,-21.05411149,11.65725625
1819,Haas_School_of_Business_UC_Berkeley,-13.29139698,-16.34721289
1820,Harvard_Business_School,-5.366096041,-12.43812457
1821,Hefty_Slider_Bags,-12.69002527,33.23537035
1822,Nationwide_Insurance,-18.2032702,-6.936335576
1823,Nutter_Butter,-30.18013742,6.400450472
1824,The_Northern_Trust_Open,0.13621123,-12.01314033
1825,Sara_Lee_Corp_,-11.27040205,19.10829231
1826,WTTW_Channel_11,0.180358312,19.99102658
1827,Water_Tower_Place,0.782881117,19.96892153
1828,Camp_Zoe,2.772548285,-20.1694117
1829,Active_Ride_Shop,11.07788053,-8.054518114
1830,Casey_Donahew_Band,-36.90787425,-3.159513731
1831,Air1,-26.78954534,20.7072502
1832,Alex_s_Bar,5.515132182,-19.46369035
1833,Chanel_aka_CC,10.29668161,3.971873396
1834,Alpha_and_Omega,20.37487004,-7.797466458
1835,Chick_fil_A_of_Wilson,-10.23808074,-0.924588421
1836,America_s_Beauty_Show,5.362078707,14.84458121
1837,Chris_Bosh,-20.93471875,5.199904931
1838,Chris_Webby,11.55938151,3.054968369
1839,CHUBBYS,-13.36422266,-1.960454266
1840,Anime,19.11615272,-12.40367265
1841,Anna_Lamb_Photography,-29.62786002,5.585128191
1842,Galpin_Studios,-14.70961267,22.9741156
1843,Coady_Photography,-10.44452543,-9.131495058
1844,Get_Married,1.183972772,5.259782465
1845,As_Tall_As_Lions,17.03764935,-22.33311314
1846,ATL_Nightlife,-25.73964876,2.53565646
1847,ATL_The_Movie,12.85228226,6.044291561
1848,Craig_Morgan,-20.56602147,-11.94240993
1849,Crawfish_Shack,-35.52496562,-3.861039634
1850,Crazy_Beautiful,1.130403212,5.920878937
1851,Padiddle,4.437400362,-3.406415246
1852,Austin_City_Limits,2.349397432,-22.16346022
1853,I_3_Dread_Heads_,12.6157481,6.488148516
1854,Tactics,10.97499259,-7.896919339
1855,Vanderbilt_LifeFlight,-29.0373452,2.188886896
1856,VanDerGinst_Law,-23.10419598,-16.41117289
1857,Varsity_Cheerleading_Dance,22.3110418,-8.600219698
1858,Tania_Amthor_Fitness,-5.671509982,14.47989627
1859,Crossroad_the_Movie,-27.24689596,21.22450104
1860,ihatestickers_com,8.061680704,-3.654213476
1861,Paris_Hilton_s_My_New_BFF,21.86003493,1.436001944
1862,Lance_Briggs,0.846505137,21.58146863
1863,I_Kissed_A_Vampire,23.50577902,-2.034639331
1864,TATTOOS_BY_BONG,2.660570106,-9.843286918
1865,Goykphoto,1.03186957,21.19592617
1866,Latino_96_3,2.516208808,-12.77136109
1867,Videograss,10.22746637,-7.378343513
1868,Realtree_Road_Trips_,-24.05961555,-10.71428669
1869,The_Challenge,5.128583438,14.93864134
1870,Visit_Carlsbad,1.907864708,-10.51605327
1871,Laxtitutes,9.290434261,-5.854463599
1872,Von,13.25046307,5.970138203
1873,_CUSENATION_,-15.03839904,6.735403949
1874,National_Underclassmen_Combine,-12.3077884,8.316351067
1875,Nativa_Boutique,33.95927812,10.85203622
1876,In_N_Out_Burger,-2.487550383,-0.666880319
1877,Bassnectar,3.394548561,-19.78319951
1878,Long_Island_University_Brooklyn_Campus,9.927283385,11.4560799
1879,Ala_Moana_Center,1.108914681,4.288963975
1880,Harrington_College_of_Design,0.795349774,19.91884973
1881,Northbrook_Court,2.370461224,28.49651748
1882,La_Clippers,-19.1636,5.59134103
1883,MB_Financial_Bank,0.761398699,21.30018635
1884,California_Fresh,0.414930668,2.856379547
1885,Capt_Hiram_s_SandBar,-9.35140576,-1.675873674
1886,Chad_Pimp_C_Butler,11.81739754,7.808431
1887,Cheba_Hut_Toasted_Subs,6.297152315,-6.465879866
1888,Ambiance_Suites,1.947622515,19.45532649
1889,Co_Co_Sala,-7.61306483,2.781341078
1890,CollegeFest,4.863973829,-1.226384489
1891,I_like_Big_Lips,12.55111155,7.678427414
1892,Halo,12.71644842,-28.28109943
1893,K_State_Sports,-8.748364066,8.863688714
1894,ACCO_Brands,-25.165341,19.52700041
1895,UT_McCombs_School_of_Business,-14.14013032,-13.99476265
1896,W_P_Carey_School_of_Business_ASU,-14.84729503,1.64228059
1897,Wacka_Flacka_Flame,12.44623174,6.02514806
1898,Vanderbilt_Owen_Graduate_School_of_Management,-15.10427599,-16.15162891
1899,B4_Photography,-15.30625945,21.65804927
1900,Hallelu_Boutique,5.587355346,28.50066554
1901,Baby_Posh_Garage,-15.15356808,23.23504652
1902,Belmont_Bruins,-28.04279983,1.566914857
1903,Oakland_Golden_Grizzlies,-12.72247077,3.401104393
1904,UAB_Blazers,-27.09646411,3.649112845
1905,Utah_State_University_Athletics,-14.99419274,3.013732015
1906,Xavier_Musketeers,-24.65627308,11.36465885
1907,Woman_Talks,12.91913387,27.06711836
1908,Brunswick_Bowling,6.947689738,-12.99615607
1909,New_Orleans_Saints,-19.93037682,3.503999411
1910,The_Ohio_State_University_Max_M_Fisher_College_of_Business,-11.75318952,-16.04865901
1911,Tuck_School_of_Business_at_Dartmouth,-14.56627532,-16.31585165
1912,University_of_Washington_Foster_School_of_Business,2.525721878,9.801016199
1913,WTNZ_TV_FOX_43,-30.37549561,1.445804958
1914,Addictive_Fishing,-24.84768923,-9.629027086
1915,Afro_City,13.24682563,12.93686099
1916,Al_the_Can,19.50232022,-9.01997519
1917,Travel_Deals_of_the_Day,-7.923979056,0.087236702
1918,Autism_2_Awesome,-7.366908473,5.386193899
1919,VC_Ultimate,-0.442173564,-3.564597167
1920,Axis_Powers_Hetalia,19.06922015,-13.30704541
1921,Concur,-0.774786192,-35.01958177
1922,Indianapolis_Colts,-10.44301825,9.96114998
1923,Johnson_Graduate_School_of_Management_at_Cornell_University,-14.5312992,-16.30035916
1924,Kobe_shoes,-1.653235727,-9.483820591
1925,SPSS_Inc_,-7.481818757,-19.98986539
1926,Alex_Grey,2.041087009,-20.22640075
1927,Classical_Photography,-26.88512025,3.070519179
1928,Atrevete_A_So_ar,33.18570441,6.889355933
1929,Good_News_In_Oakland,11.65280751,11.4929014
1930,Emory_University_Goizueta_Business_School,-14.75422331,-15.71886118
1931,Tattooed_Mom,4.603014362,-21.87693813
1932,Smeal_College_of_Business,-17.14779493,14.05909701
1933,Hu_Athletics,12.27853865,14.28158839
1934,Saint_Peter_s_College_Athletics,0.162794503,27.12044724
1935,USC_Marshall_School_of_Business,-2.56218983,-14.19619226
1936,UNC_Asheville_Bulldog_Athletics,-22.68029477,-1.648826419
1937,Wofford_Terriers,-24.82409219,-5.396277867
1938,Columbia_Business_School,-12.83792972,-16.24051286
1939,UCLA_Anderson_School_of_Management,-14.20614545,-17.33397991
1940,UVA_Darden_School_of_Business,-14.74183375,-16.40137457
1941,Chris_Johnson,-27.98882465,0.348597427
1942,Tassimo,22.08158036,23.22887484
1943,Swingline,-4.752846644,29.44331716
1944,UC_Irvine_Merage_School_of_Business,-14.84486096,-16.2658239
1945,Atlanta_Falcons,-17.43451112,0.048295858
1946,Brookdale_Senior_Living,-4.659885028,-24.61686486
1947,Anixter,-12.47891404,-1.68850386
1948,Bucknell_Mens_Basketball_Official_Page_,-14.18845361,-11.64341147
1949,A_B_Freeman_School_of_Business_at_Tulane_University,-14.50646036,11.78174153
1950,Newtons,-8.857406617,-18.91694188
1951,Miami_Heats,-21.62270605,4.925601477
1952,Olin_Business_School_at_Washington_University_in_St_Louis,-15.04143422,-16.29380969
1953,Tepper_School_of_Business_at_Carnegie_Mellon,-14.71283227,-15.90053404
1954,General_Growth_Properties,-9.602097872,-11.28908158
1955,Molex,1.637446206,30.8979731
1956,Concur_Breeze,-2.708328379,-28.98546945
1957,Boston_University_Brussels,6.168817641,-0.853470109
1958,Career_Factor,-1.901279441,-40.95868713
1959,LKQ_Corporation,-16.58248982,-9.704119853
1960,Arthur_J_Gallagher_Co_,42.00035931,-3.934586697
1961,FOX_5_San_Diego_KSWB_TV,22.89347409,-10.84960422
1962,Go_West_Choice_Hotels,-3.731289761,-27.3794221
1963,Tellabs_Inc_,-2.118216318,-23.97394978
1964,Tippie_College_of_Business_University_of_Iowa,-8.702208127,20.43899914
1965,Great_Lakes_Brewing_Company,-20.01579456,-16.31060901
1966,Morningstar_com,-9.860196018,-17.07383018